-- 插入項目狀態
INSERT INTO project_statuses (id, name, color) VALUES
(1, '準備中', 'blue'),
(2, '進行中', 'amber'),
(3, '已完成', 'green'),
(4, '已暫停', 'gray'),
(5, '已取消', 'red');

-- 插入發票狀態
INSERT INTO invoice_statuses (id, name, color) VALUES
(1, '未開票', 'gray'),
(2, '已開票', 'blue'),
(3, '已付款', 'green'),
(4, '已逾期', 'red'),
(5, '部分付款', 'amber');

INSERT INTO clients (id, created_at, updated_at, name, address, profile) VALUES
(1, NOW(), NOW(), '香港中華電力有限公司', '香港九龍紅磡海逸道8號電力大廈', '與我司合作超過八年，是信譽良好的長期合作夥伴。主要委託項目為全港多區的變電站設備升級與高壓線路維護工程，對施工品質與安全標準要求極為嚴格。

該公司財務狀況穩健，過往付款紀錄良好，從未發生拖欠款項情況。其技術團隊專業，在項目驗收階段會進行多輪詳細檢測，並要求提供完整的測試報告與施工紀錄。

近期正與其商討一項為期三年的框架協議，內容將涵蓋緊急故障支援與預防性維護服務，預計下季度可完成簽約。'),
(2, NOW(), NOW(), '新鴻基地產發展有限公司', '香港中環金融街8號國際金融中心二期28樓', '作為香港主要地產發展商之一，近年持續推出多個大型住宅與商業綜合項目。過去三年已合作完成包括觀塘商業大樓與將軍澳住宅項目的全屋電氣系統安裝工程。

該公司項目管理體系完善，每個工程階段均設有明確的里程碑與品質檢查點。其採購部門對材料規格要求精確，所有電線與開關設備必須符合特定國際標準，並需提前提交樣本審批。

目前正參與其西九龍文化區新項目的投標工作，該項目包含智能家居系統整合與節能照明設計，技術要求較為前瞻。'),
(3, NOW(), NOW(), '香港國際機場管理局', '香港大嶼山香港國際機場翔天路1號', '負責機場一號客運大樓與停機坪的照明系統升級專案。由於作業區域涉及空側禁區，所有工程人員必須通過背景審查並持有有效的機場禁區通行證。

施工時間受到嚴格限制，僅能在航班結束後的凌晨1點至5點進行，且需提前48小時提交每日工作人員名單與設備清單。現場作業需遵守民航處的安全規定，包括工具物料管理與靜電防護措施。

特別注意該客戶對文件管理要求極高，所有施工圖則、設備清單及測試證書均需以中英文雙語備檔，並在項目完成後保存完整紀錄至少七年。'),
(4, NOW(), NOW(), '港鐵公司', '香港九龍灣德福廣場九龍灣港鐵大樓', '主要承接觀塘線與荃灣線共六個車站的售票機與閘機供電系統改善工程。所有軌道區作業必須在凌晨列車服務結束後的「黃金兩小時」內完成，並在首班車開出前徹底清理現場。

該公司擁有專屬的技術規範，所有電纜需採用低煙無鹵材料並通過兩小時防火測試。接線方式必須依照其標準作業程序，完工後需由註冊電業承辦商進行負載測試並簽發證明。

近期因應新信號系統安裝，正協助進行車站控制室的後備電源擴容工程，該項目涉及多部門協調，溝通流程較為複雜。'),
(5, NOW(), NOW(), '香港海洋公園', '香港香港仔黃竹坑道180號', '負責機動遊戲設備與水族館生命支援系統的電力保障服務。每年農曆新年與暑假旺季前必須完成全園電力系統檢測，並提交由註冊工程師簽署的安全證書。

特別注意園區內動物區域的作業限制，部分區域需使用防爆電器設備且禁止高噪音工程。纜車系統的電力維護需在週二公園休園日進行，且需提前與營運部門協調時間。

近期正協助進行「海洋奇觀」水族館的UPS不同斷電源系統升級，該項目對供電穩定性要求極高，任何電力中斷均可能危及海洋生物生命，必須制定完善的應急預案。');

-- 插入12個聯繫人
INSERT INTO client_contacts (id, created_at, updated_at, name, phone, email, profile, client_id) VALUES
(1, NOW(), NOW(), '陳大明', '+852 2345 6789', 'chen.daming@clp.com.hk', '工程部經理，負責審批維護項目，週一至週五9:00-18:00可聯絡', 1),
(2, NOW(), NOW(), '李秀英', '+852 2345 6790', 'li.xiuying@clp.com.hk', '採購部主管，處理報價及合約事宜，郵件聯絡為佳', 1),
(3, NOW(), NOW(), '黃志強', '+852 9123 4567', 'wong.chikong@shkp.com', '項目總監，負責新界東商業項目，可直接WhatsApp聯繫', 2),
(4, NOW(), NOW(), '張美玲', '+852 2123 4567', 'cheung.meiling@shkp.com', '工程協調員，處理施工許可及現場協調，請提前一週預約', 2),
(5, NOW(), NOW(), '林建華', '+852 3123 4567', 'lam.kinwa@shkp.com', '財務部經理，負責工程款項審批，每月15日前提交發票', 2),
(6, NOW(), NOW(), '王永輝', '+852 2181 8888', 'wong.winghui@hkairport.com', '設施維護主管，負責機場T1航站樓電力系統，需提前48小時預約', 3),
(7, NOW(), NOW(), '趙文傑', '+852 2181 8889', 'chiu.mkit@hkairport.com', '安全部門主任，審批工作許可證，須完成機場安全培訓', 3),
(8, NOW(), NOW(), '鄧麗珍', '+852 2993 3111', 'tang.laichen@mtr.com.hk', '工程部高級工程師，負責港島綫維護項目，夜間時段聯絡', 4),
(9, NOW(), NOW(), '梁家豪', '+852 2993 3112', 'leung.kaho@mtr.com.hk', '合約管理主任，處理供應商合約及付款，工作日聯絡', 4),
(10, NOW(), NOW(), '吳詩敏', '+852 3923 2323', 'ng.siman@oceanpark.com.hk', '設施部經理，負責機動遊戲電力供應，避免週末及公眾假期聯絡', 5),
(11, NOW(), NOW(), '蔡志成', '+852 3923 2324', 'choi.chising@oceanpark.com.hk', '採購及行政主管，處理報價及採購申請，需時3-5個工作日', 5),
(12, NOW(), NOW(), '何小玲', '+852 9876 5432', 'ho.siuling@oceanpark.com.hk', '技術顧問，提供技術支援及驗收，預約需提前兩週', 5);

-- 插入10個項目
INSERT INTO projects (id, created_at, updated_at, name, client_id, profile, offer, budget, status_id) VALUES
(1, NOW(), NOW(), '紅磡電力大廈UPS系統升級工程', 1, 
'**項目概述：**  
本工程主要針對紅磡電力大廈內原有UPS系統進行全面升級，重點包括更換老化的電池組與配電系統。共有12組電池櫃需拆卸及重新配置，並確保所有接線符合最新安全標準。  

**施工計劃：**  
由於大廈為商業用途，需於辦公時間外進行施工，以減少對租戶運作的影響。整體工期預計45天，施工期間將採用分區停電與臨時電源接駁策略，確保關鍵系統持續運行。  

**品質與安全：**  
工程採用高品質工業電池與智能監控系統，以提高能源效率與設備穩定性。施工全程依照ISO安全標準執行，並由專責監督團隊每日巡檢。', 
850000, 650000, 2),

(2, NOW(), NOW(), '將軍澳新都城商場配電房改造', 2, 
'**工程內容：**  
本項目旨在提升商場配電房的供電可靠性，工作範圍包括更換高壓櫃、變壓器及低壓配電櫃等主要設備。新設備具備智能監測與遠程控制功能，便於後續維護與能源管理。  

**施工與協調：**  
由於工程涉及主電源切換，需與中電協調停電時間，並安排於夜間或非營運時段施工，以減低對商場營運的影響。預計整體工期為60天。  

**預期成果：**  
改造後系統可提升供電穩定度20%以上，並降低能耗約15%。同時將配合消防及安全驗收，以確保符合相關法規要求。', 
1200000, 920000, 2),

(3, NOW(), NOW(), 'T1航站樓後備發電機年度維護', 3, 
'**項目背景：**  
此工程為T1航站樓四台2000kVA柴油發電機組的年度維護工作，旨在確保設備於任何突發停電時可即時啟動並穩定供電。  

**執行方式：**  
維護工作分為四個階段進行，每階段針對一台機組進行拆檢、濾芯更換、油路檢查及負載測試，確保運作性能達標。整體工作需配合機場航班運作時間，避免影響航站樓供電。  

**品質控制：**  
所有維護資料將記錄於中央維修系統，並經由第三方檢驗機構進行性能測試，以確保機組符合國際運行標準。', 
380000, 280000, 3),

(4, NOW(), NOW(), '港島綫中環站照明系統改造', 4, 
'**工程目的：**  
本項目旨在提升中環站照明系統的能源效率與光照品質，計劃更換約2000盞LED燈具。新系統可根據乘客流量自動調整亮度，提升乘車舒適度並節能。  

**施工安排：**  
考慮到地鐵車站的高人流量，施工將於凌晨非營運時段進行。每日需於凌晨2時至5時完成燈具拆換與系統測試，預計整體工期為3個月。  

**環境與安全：**  
所有施工材料均符合環保要求，並設有噪音與粉塵控制措施，確保不影響鄰近商鋪及乘客安全。', 
680000, 520000, 2),

(5, NOW(), NOW(), '海洋公園過山車供電系統檢修', 5, 
'**工程範圍：**  
針對海洋公園「極速之旅」過山車主供電及後備電源系統進行全面檢修。內容包括電纜更換、開關設備測試以及控制系統軟件升級，以確保遊樂設施在高負載下仍能穩定運作。  

**施工挑戰：**  
由於園區需保持部分運作，施工團隊需分時段進場，並與機械維修組協調測試流程。所有作業均於夜間進行，避免影響遊客體驗。  

**成果與驗收：**  
工程完成後，系統預期供電效率提升10%，控制延遲減少30%。將由第三方安全審核機構進行驗收，確保符合IEC安全規範。', 
520000, 390000, 1),
(6, NOW(), NOW(), '大埔廣場商場智能照明系統', 2, 
'**項目簡介：**  
本工程旨在於大埔廣場商場公共區域（約15000平方米）安裝智能照明控制系統，以達致節能與集中管理的目標。系統支援感應器調光、定時開關及能耗監控。  

**主要施工項目：**  
包括更換LED燈具、安裝智能模組與控制面板，並透過中央伺服器進行統一管理。所有設備均採用可擴展架構，方便未來增加新區域。  

**預期成效：**  
項目完成後，商場照明能耗預計降低約25%，同時可透過手機或平板進行遠程控制，提升運維效率並改善顧客體驗。', 
750000, 580000, 1),

(7, NOW(), NOW(), '機場北衛星客運廊配電工程', 3, 
'**工程範疇：**  
此項工程為機場北衛星客運廊擴建計劃的一部分，主要工作包括新增配電櫃、電纜敷設及相關配電系統測試。  

**施工要求：**  
由於場地屬機場核心運作區，施工需嚴格遵守機場管理局安全及施工規範，並與多個承辦商協調時間以避免影響營運。  

**安全與品質：**  
工程期間將使用高壓測試儀進行逐段檢測，並安裝電纜標籤及電子監控系統，以便後續維護。完工後需通過管理局驗收及電力部門審批。', 
1580000, 1180000, 2),

(8, NOW(), NOW(), '荃灣綫荃灣站緊急照明更換', 4, 
'**項目目標：**  
為確保車站安全運作，本工程旨在更換荃灣站內所有緊急照明設備及出口指示燈，以符合最新消防條例及安全規範。  

**施工安排：**  
由於車站人流密集，施工需於凌晨非營運時段進行。每晚進行分區拆換與測試，並在完工後立即提交消防處檢驗申請。  

**預期成果：**  
更換後的緊急照明系統採用長效鋰電池與節能LED光源，續航時間提升50%，維護週期延長至五年，顯著減低營運成本。', 
420000, 310000, 3),

(9, NOW(), NOW(), '青衣變電站高壓設備維護', 1, 
'**工程說明：**  
本項目為青衣110kV變電站的年度例行維護，涉及斷路器、隔離開關及保護裝置等關鍵高壓設備的檢測與保養。  

**施工細節：**  
維護工作需申請臨時停電，並由合資格電力工程師監督執行。檢測內容包括絕緣測試、觸點阻抗測量及保護繼電器校驗，以確保系統安全運行。  

**安全保障：**  
整個過程依照電力公司及機電工程署規範執行，並記錄於中央維修資料庫中，以便追蹤後續維護歷史。', 
950000, 720000, 2),

(10, NOW(), NOW(), '海洋公園水族館循環泵供電改造', 5, 
'**項目背景：**  
海洋公園水族館內的水循環系統需長時間不間斷運行，現有供電設備負荷接近上限。為確保穩定運作，需進行供電改造並增加冗餘電源。  

**工程內容：**  
主要包括更換主供電電纜、安裝雙電源切換系統以及增設後備發電機接口。新系統將引入遠程監控模組，可即時監測電流及溫度狀態。  

**安全與效益：**  
改造後可確保24小時不間斷供電，即使主電源失效仍能於5秒內自動切換，顯著提升營運安全性及能源管理效率。', 
890000, 670000, 1);

-- 插入15張發票
INSERT INTO invoices (id, created_at, updated_at, project_id, name, number, profile, amount, issue_date, due_date, status_id) VALUES
(1, NOW(), NOW(), 1, '紅磡UPS工程首期款', 'INV-2024-10-001', '工程進度30%，已完成現場勘察及材料採購，按合約支付首期款30%', 255000.00, NOW(), DATE_ADD(NOW(), INTERVAL 30 DAY), 2),
(2, NOW(), NOW(), 1, '紅磡UPS工程第二期款', 'INV-2024-11-002', '工程進度60%，主要設備已安裝完成，進入調試階段，支付第二期款30%', 255000.00, NOW(), DATE_ADD(NOW(), INTERVAL 30 DAY), 3),
(3, NOW(), NOW(), 2, '將軍澳商場配電房工程預付款', 'INV-2024-09-003', '合約簽訂後預付款20%，用於設備訂購及材料準備', 240000.00, NOW(), DATE_ADD(NOW(), INTERVAL 15 DAY), 3),
(4, NOW(), NOW(), 2, '將軍澳商場配電房進度款', 'INV-2024-11-004', '工程進度50%，高壓設備安裝完成，申請進度款40%', 480000.00, NOW(), DATE_ADD(NOW(), INTERVAL 30 DAY), 2),
(5, NOW(), NOW(), 3, 'T1航站樓發電機維護全額款', 'INV-2024-09-005', '年度維護工作已全部完成並通過驗收，申請全額結算款', 380000.00, DATE_SUB(NOW(), INTERVAL 45 DAY), DATE_SUB(NOW(), INTERVAL 15 DAY), 3),
(6, NOW(), NOW(), 4, '中環站照明改造首期款', 'INV-2024-10-006', '第一階段工作完成，已更換約500盞燈具，申請首期款30%', 204000.00, NOW(), DATE_ADD(NOW(), INTERVAL 30 DAY), 2),
(7, NOW(), NOW(), 4, '中環站照明改造第二期款', 'INV-2024-12-007', '第二階段工作完成，累計進度60%，申請第二期款30%', 204000.00, NOW(), DATE_ADD(NOW(), INTERVAL 30 DAY), 1),
(8, NOW(), NOW(), 7, '機場客運廊配電工程預付款', 'INV-2024-10-008', '合約預付款25%，用於大型配電櫃及電纜材料採購', 395000.00, NOW(), DATE_ADD(NOW(), INTERVAL 20 DAY), 2),
(9, NOW(), NOW(), 7, '機場客運廊配電工程進度款', 'INV-2024-12-009', '電纜敷設完成50%，配電櫃安裝就位，申請進度款35%', 553000.00, NOW(), DATE_ADD(NOW(), INTERVAL 30 DAY), 1),
(10, NOW(), NOW(), 8, '荃灣站緊急照明更換全額款', 'INV-2024-09-010', '全部工作已完成並通過消防處驗收，申請全額結算', 420000.00, DATE_SUB(NOW(), INTERVAL 30 DAY), NOW(), 4),
(11, NOW(), NOW(), 9, '青衣變電站維護預付款', 'INV-2024-11-011', '年度維護合約預付款40%，覆蓋檢測設備及人工成本', 380000.00, NOW(), DATE_ADD(NOW(), INTERVAL 15 DAY), 2),
(12, NOW(), NOW(), 9, '青衣變電站維護尾款', 'INV-2025-01-012', '維護工作全部完成，設備測試報告已提交，申請尾款60%', 570000.00, NOW(), DATE_ADD(NOW(), INTERVAL 30 DAY), 1),
(13, NOW(), NOW(), 3, 'T1航站樓發電機額外維修費', 'INV-2024-10-013', '維護期間發現2號機組渦輪增壓器需更換，額外維修費用', 85000.00, NOW(), DATE_ADD(NOW(), INTERVAL 20 DAY), 5),
(14, NOW(), NOW(), 6, '大埔廣場智能照明系統訂金', 'INV-2024-12-014', '智能照明系統設備訂金30%，含控制器、感應器及軟件授權', 225000.00, NOW(), DATE_ADD(NOW(), INTERVAL 25 DAY), 1),
(15, NOW(), NOW(), 5, '海洋公園過山車系統勘察費', 'INV-2024-11-015', '現場詳細勘察及技術方案制定費用，為正式工程前期準備', 45000.00, NOW(), DATE_ADD(NOW(), INTERVAL 15 DAY), 2);

-- 插入任務狀態
INSERT INTO task_statuses (id, name, color) VALUES
(1, '待開始', 'gray'),
(2, '進行中', 'amber'),
(3, '已完成', 'green');

INSERT INTO tasks (id, created_at, updated_at, name, profile, project_id, start_time, end_time, status_id) VALUES
(1, NOW(), NOW(), 'UPS電池櫃勘察', '測量現有電池櫃尺寸，確認電纜走線路徑，拍照記錄現場環境，需配合大廈管理處進入機房', 1, DATE_SUB(NOW(), INTERVAL 15 DAY), DATE_SUB(NOW(), INTERVAL 14 DAY), 3),
(2, NOW(), NOW(), 'UPS圖紙繪製', '根據勘察結果繪製詳細施工圖，包括單線圖、平面佈置圖及電纜清單，需客戶審批', 1, DATE_SUB(NOW(), INTERVAL 13 DAY), DATE_SUB(NOW(), INTERVAL 10 DAY), 3),
(3, NOW(), NOW(), 'UPS電池採購', '訂購12組蓄電池櫃及配套設備，協調供應商送貨時間，安排吊機運送至15樓機房', 1, DATE_SUB(NOW(), INTERVAL 9 DAY), DATE_SUB(NOW(), INTERVAL 5 DAY), 3),
(4, NOW(), NOW(), '舊電池櫃拆除', '夜間時段進行舊設備拆除，確保UPS主機不斷電，舊電池按環保規定處理', 1, DATE_SUB(NOW(), INTERVAL 4 DAY), DATE_SUB(NOW(), INTERVAL 2 DAY), 3),
(5, NOW(), NOW(), '新電池櫃安裝', '安裝新電池櫃，完成直流電纜連接，進行絕緣測試及接地檢查', 1, DATE_SUB(NOW(), INTERVAL 1 DAY), DATE_ADD(NOW(), INTERVAL 2 DAY), 2),
(6, NOW(), NOW(), 'UPS系統調試', '進行系統功能測試，模擬市電中斷測試，記錄電池放電特性曲線', 1, DATE_ADD(NOW(), INTERVAL 3 DAY), DATE_ADD(NOW(), INTERVAL 5 DAY), 1),
(7, NOW(), NOW(), '申請配電房停電', '向中華電力申請計劃停電，協調商場營運時間，預計需時4小時', 2, DATE_SUB(NOW(), INTERVAL 5 DAY), DATE_SUB(NOW(), INTERVAL 5 DAY), 3),
(8, NOW(), NOW(), '高壓櫃驗收', '檢查高壓開關櫃出廠資料，核對設備型號規格，進行外觀及功能檢查', 2, DATE_SUB(NOW(), INTERVAL 3 DAY), DATE_SUB(NOW(), INTERVAL 2 DAY), 3),
(9, NOW(), NOW(), '配電房改造', '拆除舊設備基礎，重新鋪設電纜溝，加固地面承重結構', 2, NOW(), DATE_ADD(NOW(), INTERVAL 5 DAY), 2),
(10, NOW(), NOW(), '高壓設備安裝', '使用叉車將高壓櫃運入配電房，精確就位並固定，連接母線排', 2, DATE_ADD(NOW(), INTERVAL 6 DAY), DATE_ADD(NOW(), INTERVAL 10 DAY), 1),
(11, NOW(), NOW(), '1號機油路檢查', '清洗燃油濾清器，檢查噴油嘴及高壓油泵，測試燃油壓力', 3, DATE_SUB(NOW(), INTERVAL 20 DAY), DATE_SUB(NOW(), INTERVAL 19 DAY), 3),
(12, NOW(), NOW(), '2號機冷卻維護', '更換冷卻液，清潔散熱器，檢查水泵及恆溫器功能', 3, DATE_SUB(NOW(), INTERVAL 18 DAY), DATE_SUB(NOW(), INTERVAL 17 DAY), 3),
(13, NOW(), NOW(), '3號機電氣測試', '測試發電機輸出電壓電流，檢查自動轉換開關，記錄保護裝置參數', 3, DATE_SUB(NOW(), INTERVAL 16 DAY), DATE_SUB(NOW(), INTERVAL 15 DAY), 3),
(14, NOW(), NOW(), '4號機負載測試', '進行75%額定負載測試2小時，記錄各項運行參數，分析性能曲線', 3, DATE_SUB(NOW(), INTERVAL 14 DAY), DATE_SUB(NOW(), INTERVAL 13 DAY), 3),
(15, NOW(), NOW(), 'D出口燈具更換', '夜間2:00-5:00施工，更換150盞天花燈及指示燈，配合港鐵工程督導員', 4, DATE_SUB(NOW(), INTERVAL 10 DAY), DATE_SUB(NOW(), INTERVAL 8 DAY), 3),
(16, NOW(), NOW(), '大堂照明改造', '更換主大堂350盞LED面板燈，調試智能調光系統，確保照度達標', 4, DATE_SUB(NOW(), INTERVAL 7 DAY), DATE_SUB(NOW(), INTERVAL 4 DAY), 3),
(17, NOW(), NOW(), '月台照明工程', '月台區域500盞燈具更換，需配合列車非營運時段，分三晚完成', 4, NOW(), DATE_ADD(NOW(), INTERVAL 4 DAY), 2),
(18, NOW(), NOW(), '緊急照明測試', '測試所有緊急照明及疏散指示系統，確保符合消防規範', 4, DATE_ADD(NOW(), INTERVAL 5 DAY), DATE_ADD(NOW(), INTERVAL 6 DAY), 1),
(19, NOW(), NOW(), '軌道供電勘察', '檢查軌道沿線供電電纜狀況，測試各分段隔離開關，記錄電壓降數據', 5, DATE_SUB(NOW(), INTERVAL 3 DAY), DATE_SUB(NOW(), INTERVAL 2 DAY), 3),
(20, NOW(), NOW(), '控制室配電檢查', '檢查控制櫃內元件老化情況，測試UPS後備電源，更換磨損接觸器', 5, NOW(), DATE_ADD(NOW(), INTERVAL 1 DAY), 2),
(21, NOW(), NOW(), '緊急制動測試', '模擬緊急停車測試，檢查液壓制動器供電，驗證安全聯鎖功能', 5, DATE_ADD(NOW(), INTERVAL 2 DAY), DATE_ADD(NOW(), INTERVAL 3 DAY), 1),
(22, NOW(), NOW(), '照明負載調查', '統計各區域照明功率，分析用電模式，制定智能控制策略', 6, DATE_SUB(NOW(), INTERVAL 2 DAY), NOW(), 2),
(23, NOW(), NOW(), '智能照明安裝', '安裝主控制器及通訊模組，佈置感應器網絡，配置控制軟件', 6, DATE_ADD(NOW(), INTERVAL 1 DAY), DATE_ADD(NOW(), INTERVAL 5 DAY), 1),
(24, NOW(), NOW(), '電纜橋架安裝', '安裝150米電纜橋架，確保符合機場防火規範，需機管局監督', 7, DATE_SUB(NOW(), INTERVAL 8 DAY), DATE_SUB(NOW(), INTERVAL 5 DAY), 3),
(25, NOW(), NOW(), '主電纜敷設', '敷設3條240mm²銅芯電纜，共300米，進行絕緣測試及編號標識', 7, DATE_SUB(NOW(), INTERVAL 4 DAY), NOW(), 2),
(26, NOW(), NOW(), '配電櫃調試', '安裝並接線5台低壓配電櫃，設置保護參數，進行聯動測試', 7, DATE_ADD(NOW(), INTERVAL 1 DAY), DATE_ADD(NOW(), INTERVAL 8 DAY), 1),
(27, NOW(), NOW(), '緊急燈更換', '更換全站280盞緊急照明燈具，包括出口指示燈及應急照明', 8, DATE_SUB(NOW(), INTERVAL 12 DAY), DATE_SUB(NOW(), INTERVAL 8 DAY), 3),
(28, NOW(), NOW(), '消防驗收配合', '配合消防處進行照明系統驗收測試，提供測試報告及竣工資料', 8, DATE_SUB(NOW(), INTERVAL 7 DAY), DATE_SUB(NOW(), INTERVAL 6 DAY), 3),
(29, NOW(), NOW(), '斷路器檢測', '測試110kV斷路器機械特性，檢查操作機構，校驗保護裝置', 9, NOW(), DATE_ADD(NOW(), INTERVAL 3 DAY), 2),
(30, NOW(), NOW(), '絕緣測試', '進行變壓器及高壓設備絕緣電阻測試，分析油樣化驗結果', 9, DATE_ADD(NOW(), INTERVAL 4 DAY), DATE_ADD(NOW(), INTERVAL 6 DAY), 1);

-- 插入30個附件
INSERT INTO attachments (id, created_at, name, filename, project_id) VALUES
(1, NOW(), 'UPS系統技術規格書', 'UPS_Technical_Specification_v2.3.pdf', 1),
(2, NOW(), 'UPS電池櫃現場勘察照片', 'Battery_Room_Survey_Photos_20241020.zip', 1),
(3, NOW(), 'UPS單線系統圖', 'UPS_Single_Line_Diagram_Rev3.dwg', 1),
(4, NOW(), 'UPS安裝施工方案', 'UPS_Installation_Method_Statement.docx', 1),
(5, NOW(), '電池組測試報告', 'Battery_Test_Report_Final.pdf', 1),
(6, NOW(), '將軍澳配電房平面圖', 'TKO_Substation_Layout_Plan.dwg', 2),
(7, NOW(), '高壓櫃型號選型計算書', 'HV_Switchgear_Selection_Calculation.xlsx', 2),
(8, NOW(), '中電停電申請批文', 'CLP_Power_Outage_Approval_Letter.pdf', 2),
(9, NOW(), '配電房土建改造圖紙', 'Substation_Civil_Works_Drawing.pdf', 2),
(10, NOW(), '變壓器出廠試驗報告', 'Transformer_Factory_Test_Report.pdf', 2),
(11, NOW(), 'T1發電機維護檢查表', 'T1_Generator_Maintenance_Checklist.xlsx', 3),
(12, NOW(), '發電機性能測試數據', 'Generator_Performance_Test_Data.csv', 3),
(13, NOW(), '渦輪增壓器更換記錄', 'Turbocharger_Replacement_Record.docx', 3),
(14, NOW(), '機場工作許可證', 'Airport_Work_Permit_AWP2024_8856.pdf', 3),
(15, NOW(), '發電機年度維護總結報告', 'Generator_Annual_Maintenance_Summary.pdf', 3),
(16, NOW(), '中環站照明改造施工圖', 'Central_Station_Lighting_Layout.dwg', 4),
(17, NOW(), 'LED燈具產品目錄', 'LED_Fixture_Product_Catalogue.pdf', 4),
(18, NOW(), '港鐵非營運時段施工申請', 'MTR_Non_Traffic_Hours_Work_Permit.pdf', 4),
(19, NOW(), '照明照度測試報告', 'Lighting_Illuminance_Test_Report.pdf', 4),
(20, NOW(), '智能調光系統操作手冊', 'Smart_Dimming_System_Manual_zh.pdf', 4),
(21, NOW(), '過山車電氣系統圖紙', 'Roller_Coaster_Electrical_Drawings.dwg', 5),
(22, NOW(), '安全聯鎖系統測試方案', 'Safety_Interlock_Test_Procedure.docx', 5),
(23, NOW(), '過山車維護歷史記錄', 'Roller_Coaster_Maintenance_History.xlsx', 5),
(24, NOW(), '遊樂設施安全檢驗證書', 'Amusement_Ride_Safety_Certificate.pdf', 5),
(25, NOW(), '大埔廣場智能照明方案', 'Tai_Po_Plaza_Smart_Lighting_Proposal.pptx', 6),
(26, NOW(), '智能照明系統架構圖', 'Smart_Lighting_System_Architecture.pdf', 6),
(27, NOW(), '能源管理軟件介面截圖', 'Energy_Management_Software_Screenshots.pdf', 6),
(28, NOW(), '客運廊配電工程施工進度表', 'Concourse_Electrical_Project_Schedule.mpp', 7),
(29, NOW(), '機場防火規範相關條文', 'Airport_Fire_Code_Requirements.pdf', 7),
(30, NOW(), '配電櫃佈置三維模型', 'Switchboard_Layout_3D_Model.rvt', 7);

-- 插入5個供應商
INSERT INTO suppliers (id, created_at, updated_at, name, address, profile) VALUES
(1, NOW(), NOW(), '施耐德電氣（香港）有限公司', '香港九龍灣宏泰道23號Manhattan Place 25樓', '全球電氣設備供應商，提供高中低壓配電設備、UPS系統及自動化產品，交貨期一般4-6週，質量可靠'),
(2, NOW(), NOW(), '偉倫電業有限公司', '香港新界葵涌葵昌路26-38號豪華工業大廈12樓C室', '本地電纜及電線供應商，庫存充足，可即日送貨，價格具競爭力，長期合作夥伴'),
(3, NOW(), NOW(), '飛利浦照明（香港）有限公司', '香港九龍長沙灣道 777 號恆勝中心 8 樓', '專業照明解決方案供應商，提供LED燈具及智能照明系統，技術支援完善，保養期長'),
(4, NOW(), NOW(), '康明斯發電機（香港）有限公司', '香港新界大埔汀角路53號大埔工業邨昌運中心2座', '柴油發電機組專業供應商，提供銷售、安裝及維護服務，原廠配件供應，24小時緊急支援'),
(5, NOW(), NOW(), '泛達網絡產品（香港）有限公司', '香港觀塘偉業街 108 號 11 樓', '網絡佈線及智能樓宇系統供應商，提供結構化佈線、配電系統監控產品，技術團隊專業');

-- 插入12個供應商聯繫人
INSERT INTO supplier_contacts (id, created_at, updated_at, name, phone, email, profile, supplier_id) VALUES
(1, NOW(), NOW(), '周建明', '+852 2956 2888', 'jacky.chow@schneider-electric.com', '香港區銷售經理，負責配電設備報價及技術方案，回覆快速，可直接WhatsApp', 1),
(2, NOW(), NOW(), '馮麗珊', '+852 2956 2889', 'lisa.fung@schneider-electric.com', 'UPS系統技術工程師，提供技術支援及售後服務，需預約上門', 1),
(3, NOW(), NOW(), '譚志輝', '+852 9234 5678', 'kelvin.tam@schneider-electric.com', '項目經理，跟進大型工程項目，協調交貨及安裝，工作日9:00-18:00', 1),
(4, NOW(), NOW(), '李偉強', '+852 2744 8838', 'william.lee@wailuen.com.hk', '銷售主管，處理電纜訂單，可安排緊急送貨，報價有效期7天', 2),
(5, NOW(), NOW(), '張淑芬', '+852 2744 8839', 'sophia.cheung@wailuen.com.hk', '客戶服務部，處理訂單查詢及送貨安排，辦公時間內即時回覆', 2),
(6, NOW(), NOW(), '黃家明', '+852 9876 1234', 'raymond.wong@wailuen.com.hk', '技術支援，提供電纜選型建議及計算，可到現場勘察', 2),
(7, NOW(), NOW(), '陳詠詩', '+852 2125 1234', 'winnie.chan@philips.com.hk', '照明設計顧問，提供照度計算及燈具選型，免費設計方案', 3),
(8, NOW(), NOW(), '劉建華', '+852 2125 1235', 'kenneth.lau@philips.com.hk', '項目銷售經理，負責大型照明項目，可申請項目折扣', 3),
(9, NOW(), NOW(), '鄭國強', '+852 2664 2288', 'gordon.cheng@cummins.com.hk', '發電機銷售工程師，提供發電機選型及報價，技術知識豐富', 4),
(10, NOW(), NOW(), '林美玲', '+852 2664 2289', 'may.lam@cummins.com.hk', '售後服務主管，安排維護保養及緊急維修，24小時熱線', 4),
(11, NOW(), NOW(), '吳志明', '+852 2305 1888', 'simon.ng@panduit.com.hk', '系統工程師，負責智能系統方案設計，可提供培訓', 5),
(12, NOW(), NOW(), '余曉彤', '+852 2305 1889', 'carol.yu@panduit.com.hk', '銷售代表，處理報價及訂單，交貨期2-3週，可加急', 5);

-- 插入材料狀態
INSERT INTO material_statuses (id, name, color) VALUES
(1, '正常', 'green'),
(2, '損壞', 'red'),
(3, '維修中', 'amber'),
(4, '已報廢', 'gray');

-- 插入6個材料類型
INSERT INTO categories (id, created_at, updated_at, name, profile) VALUES
(1, NOW(), NOW(), '電力設備', '包括配電櫃、變壓器、開關設備、UPS系統等主要電力設備'),
(2, NOW(), NOW(), '電纜線材', '各類電力電纜、控制電纜、通訊線纜及配件'),
(3, NOW(), NOW(), '照明設備', 'LED燈具、燈管、鎮流器、照明控制器等照明相關設備'),
(4, NOW(), NOW(), '五金配件', '電纜橋架、線槽、固定件、接線端子等安裝輔助材料'),
(5, NOW(), NOW(), '工具設備', '電動工具、測試儀器、安全防護用品等施工設備'),
(6, NOW(), NOW(), '耗材備品', '絕緣膠帶、標籤、螺絲、電線接頭等日常消耗品');

-- 插入30個材料
INSERT INTO materials (id, created_at, updated_at, category_id, status_id, name, quantity, unit, profile) VALUES
(1, NOW(), NOW(), 1, 1, 'UPS不斷電系統 100kVA', 2.00, '台', 'Schneider Galaxy VS系列，三相輸入輸出，含電池櫃，現存2台，項目1使用'),
(2, NOW(), NOW(), 1, 1, '低壓配電櫃 MNS2.0', 5.00, '面', '施耐德MNS2.0系列抽出式配電櫃，額定電流630A，8個回路，適用項目2'),
(3, NOW(), NOW(), 1, 1, '乾式變壓器 1000kVA', 1.00, '台', '11kV/380V，IP21防護等級，低噪音型，已預訂用於項目2'),
(4, NOW(), NOW(), 1, 1, '高壓開關櫃 12kV', 3.00, '面', '中置式手車櫃，真空斷路器，智能綜保，庫存3面'),
(5, NOW(), NOW(), 1, 2, '柴油發電機組 500kVA', 1.00, '台', 'Cummins發電機，控制面板故障，正安排維修，預計1個月修復'),
(6, NOW(), NOW(), 2, 1, '銅芯電纜 240mm² 4芯', 850.00, '米', 'YJV22鎧裝電纜，0.6/1kV，庫存充足，適用於主幹線敷設'),
(7, NOW(), NOW(), 2, 1, '銅芯電纜 95mm² 4芯', 1200.00, '米', 'YJV電纜，0.6/1kV，常用規格，多個項目通用'),
(8, NOW(), NOW(), 2, 1, '銅芯電纜 35mm² 5芯', 2000.00, '米', 'YJV電纜，用於分支回路，庫存量大'),
(9, NOW(), NOW(), 2, 1, '控制電纜 10芯 1.5mm²', 500.00, '米', 'KVVP屏蔽控制電纜，用於信號傳輸及控制回路'),
(10, NOW(), NOW(), 2, 1, '網絡線纜 CAT6A', 3000.00, '米', '非屏蔽雙絞線，適用於智能照明系統通訊'),
(11, NOW(), NOW(), 3, 1, 'LED面板燈 600x600mm', 500.00, '個', 'Philips飛利浦，40W，4000K中性白光，用於辦公及商場照明'),
(12, NOW(), NOW(), 3, 1, 'LED筒燈 6吋', 800.00, '個', '嵌入式LED筒燈，18W，壽命50000小時，常用於天花照明'),
(13, NOW(), NOW(), 3, 1, 'LED射燈 30W', 200.00, '個', '軌道式射燈，可調角度，3000K暖白光，展示照明專用'),
(14, NOW(), NOW(), 3, 1, 'LED緊急照明燈', 150.00, '個', '內置蓄電池，3小時應急時間，符合消防規範'),
(15, NOW(), NOW(), 3, 1, '出口指示燈', 100.00, '個', 'LED出口標誌燈，雙面發光，自帶應急電源'),
(16, NOW(), NOW(), 3, 1, '智能照明控制器', 20.00, '套', 'Philips Dynalite控制系統，含主控器及通訊模組'),
(17, NOW(), NOW(), 4, 1, '電纜橋架 400x100mm', 300.00, '米', '熱浸鋅鋼製橋架，含蓋板及配件，防腐性能優良'),
(18, NOW(), NOW(), 4, 1, '電纜橋架 200x100mm', 500.00, '米', '輕型橋架，適用於分支線路，庫存充足'),
(19, NOW(), NOW(), 4, 1, 'PVC線槽 50x50mm', 800.00, '米', '阻燃型線槽，用於明敷線路整理'),
(20, NOW(), NOW(), 4, 1, '電纜接線端子', 2000.00, '個', '銅鋁過渡端子，多種規格，適用35-240mm²電纜'),
(21, NOW(), NOW(), 4, 1, '電纜固定夾', 1500.00, '個', '塑料或金屬電纜夾，用於固定電纜於橋架'),
(22, NOW(), NOW(), 4, 1, '配電櫃安裝底座', 50.00, '個', '槽鋼焊接底座，高度200mm，含地腳螺栓'),
(23, NOW(), NOW(), 5, 1, '絕緣電阻測試儀 2500V', 3.00, '台', 'Megger絕緣測試儀，用於電纜及設備絕緣測試'),
(24, NOW(), NOW(), 5, 1, '數字萬用表 True RMS', 10.00, '個', 'Fluke真有效值萬用表，常用測試工具'),
(25, NOW(), NOW(), 5, 3, '電纜壓接鉗 300mm²', 2.00, '把', '液壓壓接鉗，其中1把油壓漏失正維修中'),
(26, NOW(), NOW(), 5, 1, '安全帽', 50.00, '個', 'ABS材質，符合香港安全標準，各工地常備'),
(27, NOW(), NOW(), 5, 1, '絕緣手套 12kV', 20.00, '對', '高壓電工專用，定期檢測，有效期內'),
(28, NOW(), NOW(), 6, 1, '絕緣膠帶', 200.00, '卷', '3M PVC電工膠帶，黑色，厚度0.18mm'),
(29, NOW(), NOW(), 6, 1, '線纜標籤', 5000.00, '張', '自黏性標籤紙，防水防油，可打印編號'),
(30, NOW(), NOW(), 6, 1, '熱縮套管', 500.00, '米', '各種尺寸熱縮管，用於電纜端頭絕緣保護');

-- 插入採購狀態
INSERT INTO purchase_statuses (id, name, color) VALUES
(1, '待審批', 'gray'),
(2, '已審批', 'blue'),
(3, '已訂購', 'amber'),
(4, '部分到貨', 'cyan'),
(5, '已完成', 'green'),
(6, '已取消', 'red');

-- 插入10個採購訂單
INSERT INTO purchases (id, created_at, updated_at, name, profile, supplier_id, status_id) VALUES
(1, DATE_SUB(NOW(), INTERVAL 30 DAY), DATE_SUB(NOW(), INTERVAL 25 DAY), '紅磡UPS項目電池系統採購', '項目1專用，包含2套UPS系統及配套電池櫃，已全部到貨並驗收完成', 1, 5),
(2, DATE_SUB(NOW(), INTERVAL 20 DAY), DATE_SUB(NOW(), INTERVAL 15 DAY), '將軍澳配電房主設備訂單', '包含變壓器、高低壓櫃等主要設備，變壓器已到貨，配電櫃預計下週到貨', 1, 4),
(3, DATE_SUB(NOW(), INTERVAL 25 DAY), DATE_SUB(NOW(), INTERVAL 24 DAY), '項目2電力電纜批量採購', '240mm²及95mm²電纜合共1500米，已全部到貨入庫', 2, 5),
(4, DATE_SUB(NOW(), INTERVAL 15 DAY), NOW(), '中環站LED照明燈具訂單', '第一批500盞面板燈及筒燈，已完成安裝使用', 3, 5),
(5, DATE_SUB(NOW(), INTERVAL 10 DAY), NOW(), '中環站第二批照明設備', '第二批照明燈具及控制系統，部分已到貨正在安裝', 3, 4),
(6, DATE_SUB(NOW(), INTERVAL 5 DAY), NOW(), '機場客運廊電纜橋架材料', '400mm及200mm橋架共450米，含配件，已到貨開始安裝', 2, 5),
(7, DATE_SUB(NOW(), INTERVAL 8 DAY), NOW(), '大埔廣場智能照明系統設備', '智能控制器20套及配套感應器，已訂購等待交貨', 3, 3),
(8, DATE_SUB(NOW(), INTERVAL 3 DAY), NOW(), '各項目通用電纜及配件補貨', '35mm²電纜、控制電纜及各類接線端子，緊急補貨已審批', 2, 2),
(9, NOW(), NOW(), '發電機維護專用工具及備件', 'T1發電機維護所需測試儀器及更換零件，待審批中', 4, 1),
(10, NOW(), NOW(), '10-12月份消耗性材料採購', '膠帶、標籤、熱縮管等日常耗材季度採購計劃', 2, 1);

-- 插入40個採購訂單材料關聯
INSERT INTO purchase_materials (purchase_id, material_id, quantity, price) VALUES
(1, 1, 2.00, 185000.00),
(1, 20, 100.00, 45.00),
(1, 21, 200.00, 8.50),
(1, 28, 20.00, 15.00),
(2, 2, 5.00, 125000.00),
(2, 3, 1.00, 380000.00),
(2, 4, 3.00, 95000.00),
(2, 22, 8.00, 850.00),
(3, 6, 500.00, 145.00),
(3, 7, 1000.00, 88.00),
(3, 20, 300.00, 45.00),
(3, 21, 400.00, 8.50),
(4, 11, 350.00, 280.00),
(4, 12, 150.00, 165.00),
(4, 19, 200.00, 28.00),
(4, 29, 1000.00, 1.20),
(5, 11, 200.00, 280.00),
(5, 12, 300.00, 165.00),
(5, 14, 80.00, 320.00),
(5, 15, 50.00, 280.00),
(6, 17, 300.00, 185.00),
(6, 18, 150.00, 125.00),
(6, 21, 500.00, 8.50),
(6, 28, 30.00, 15.00),
(7, 16, 20.00, 8500.00),
(7, 10, 800.00, 12.50),
(7, 19, 300.00, 28.00),
(7, 29, 2000.00, 1.20),
(8, 8, 500.00, 52.00),
(8, 9, 300.00, 38.00),
(8, 20, 500.00, 45.00),
(8, 30, 200.00, 8.00),
(9, 23, 1.00, 12500.00),
(9, 24, 3.00, 3200.00),
(9, 27, 5.00, 650.00),
(9, 28, 10.00, 15.00),
(10, 28, 100.00, 15.00),
(10, 29, 3000.00, 1.20),
(10, 30, 300.00, 8.00),
(10, 19, 200.00, 28.00);

-- 插入70個任務材料關聯
INSERT INTO task_materials (task_id, material_id, quantity, profile) VALUES
(1, 23, 0.00, '借用測試儀器進行現場測量，無消耗'),
(1, 24, 0.00, '使用萬用表檢測電壓，設備完好'),
(1, 26, 0.00, '5名工人使用安全帽，已歸還'),
(2, 29, 50.00, '圖紙標註使用標籤紙'),
(3, 1, 2.00, '採購的2台UPS系統已運抵現場'),
(3, 20, 50.00, '運輸固定使用接線端子'),
(4, 1, 0.00, '拆除作業中UPS主機保持運行無損耗'),
(4, 28, 5.00, '線路臨時保護用絕緣膠帶'),
(4, 26, 0.00, '夜間施工人員使用安全帽'),
(5, 1, 2.00, '新UPS系統安裝就位並接線'),
(5, 6, 80.00, '直流電纜連接使用240mm²電纜'),
(5, 20, 80.00, '電纜端接使用接線端子'),
(5, 28, 10.00, '接線處絕緣保護用膠帶'),
(5, 30, 20.00, '電纜端頭絕緣用熱縮套管'),
(6, 23, 0.00, '系統測試使用絕緣測試儀'),
(6, 24, 0.00, '電壓電流測量用萬用表'),
(7, 29, 20.00, '停電申請文件標籤使用'),
(8, 4, 3.00, '3面高壓櫃進場驗收'),
(8, 29, 30.00, '設備標識標籤'),
(9, 22, 8.00, '配電櫃基礎底座安裝'),
(9, 28, 15.00, '現場臨時電源絕緣保護'),
(9, 26, 0.00, '土建施工人員安全防護'),
(10, 4, 3.00, '高壓櫃安裝就位'),
(10, 2, 5.00, '低壓配電櫃安裝'),
(10, 20, 200.00, '母線排連接端子'),
(10, 28, 20.00, '絕緣保護用膠帶'),
(11, 24, 0.00, '燃油壓力測試用儀表'),
(11, 28, 5.00, '管路密封保護'),
(11, 26, 0.00, '維護人員安全帽'),
(12, 28, 3.00, '冷卻管路密封'),
(12, 26, 0.00, '維護作業安全防護'),
(13, 23, 0.00, '發電機絕緣測試'),
(13, 24, 0.00, '電壓電流參數測量'),
(13, 29, 20.00, '測試數據記錄標籤'),
(14, 24, 0.00, '負載測試數據記錄'),
(14, 26, 0.00, '測試期間安全監督'),
(15, 11, 150.00, 'D出口更換LED面板燈'),
(15, 29, 150.00, '燈具編號標識'),
(15, 26, 0.00, '夜間高空作業安全帽'),
(15, 28, 10.00, '接線絕緣保護'),
(16, 11, 200.00, '大堂LED面板燈更換'),
(16, 12, 150.00, '部分區域使用筒燈'),
(16, 19, 100.00, '明線整理用線槽'),
(16, 29, 350.00, '燈具及線路標識'),
(16, 28, 15.00, '接線絕緣保護'),
(17, 12, 350.00, '月台LED筒燈更換'),
(17, 8, 200.00, '分支電源線使用35mm²電纜'),
(17, 29, 350.00, '燈具編號標識'),
(17, 26, 0.00, '軌道區域施工安全防護'),
(18, 14, 80.00, '緊急照明燈測試安裝'),
(18, 15, 50.00, '出口指示燈測試'),
(18, 24, 0.00, '照明系統電壓測試'),
(19, 24, 0.00, '軌道沿線電壓測試'),
(19, 26, 0.00, '遊樂設施區域安全防護'),
(19, 29, 50.00, '測試點標識'),
(20, 24, 0.00, '控制櫃電氣測試'),
(20, 28, 8.00, '老化元件更換後絕緣處理'),
(20, 26, 0.00, '控制室作業安全帽'),
(21, 23, 0.00, '制動系統絕緣測試'),
(21, 24, 0.00, '供電電壓測試'),
(21, 27, 0.00, '高壓測試用絕緣手套'),
(22, 24, 0.00, '照明負載電流測量'),
(22, 29, 100.00, '各區域照明回路標識'),
(23, 16, 20.00, '智能照明控制器安裝'),
(23, 10, 800.00, '控制系統通訊線纜敷設'),
(23, 19, 300.00, '通訊線路保護線槽'),
(23, 29, 500.00, '系統設備及線路標識'),
(24, 17, 150.00, '客運廊主橋架安裝'),
(24, 21, 300.00, '橋架固定夾具'),
(24, 26, 0.00, '機場施工區域安全防護'),
(25, 6, 300.00, '主電纜240mm²敷設'),
(25, 20, 180.00, '電纜端接端子'),
(25, 29, 300.00, '電纜編號標識'),
(25, 30, 60.00, '電纜端頭絕緣套管'),
(25, 28, 20.00, '中間接頭絕緣保護'),
(26, 2, 5.00, '5台配電櫃安裝接線'),
(26, 7, 150.00, '櫃間連接用95mm²電纜'),
(26, 20, 250.00, '配電櫃接線端子'),
(26, 29, 200.00, '回路及設備標識'),
(27, 14, 200.00, '荃灣站緊急照明更換'),
(27, 15, 80.00, '出口指示燈更換'),
(27, 8, 150.00, '照明線路用35mm²電纜'),
(27, 29, 280.00, '燈具及回路標識'),
(28, 24, 0.00, '消防驗收測試儀表'),
(28, 29, 50.00, '驗收文件標識整理'),
(29, 23, 0.00, '斷路器絕緣電阻測試'),
(29, 24, 0.00, '保護裝置參數測量'),
(29, 27, 0.00, '高壓測試安全防護手套'),
(30, 23, 0.00, '變壓器絕緣測試'),
(30, 24, 0.00, '電氣參數測量記錄'),
(30, 29, 100.00, '測試報告標識整理');

-- 插入5個角色
INSERT INTO roles (id, name, color) VALUES
(1, '財務部', 'emerald'),
(2, '客戶部', 'blue'),
(3, '工程部', 'amber'),
(4, '採購部', 'purple'),
(5, '監管部', 'rose');

-- 插入15個員工用戶
INSERT INTO users (id, created_at, updated_at, password, name, email, phone, profile) VALUES
(1, NOW(), NOW(), '$2a$10$xxxxxxxxxxxxxxxxxxxxxxxxxxxxxxxxxxxxxxxxxxxxxxxxxxx', '陳志偉', 'chan.chiwai@company.com.hk', '2323 3434', '財務總監，負責公司整體財務管理及預算控制，工作經驗15年，持有香港會計師公會會員資格'),
(2, NOW(), NOW(), '$2a$10$xxxxxxxxxxxxxxxxxxxxxxxxxxxxxxxxxxxxxxxxxxxxxxxxxxx', '李美芬', 'lee.meifen@company.com.hk', '2323 3434', '財務主管，處理日常帳務及發票管理，負責應收應付賬款，工作細心準確'),
(3, NOW(), NOW(), '$2a$10$xxxxxxxxxxxxxxxxxxxxxxxxxxxxxxxxxxxxxxxxxxxxxxxxxxx', '黃建華', 'wong.kinwa@company.com.hk', '2323 3434', '會計文員，協助發票開立及費用報銷處理，入職2年表現良好'),
(4, NOW(), NOW(), '$2a$10$xxxxxxxxxxxxxxxxxxxxxxxxxxxxxxxxxxxxxxxxxxxxxxxxxxx', '張國榮', 'cheung.kwokwing@company.com.hk', '2323 3434', '客戶服務總監，負責客戶關係維護及業務拓展，人脈廣闊，客戶滿意度高'),
(5, NOW(), NOW(), '$2a$10$xxxxxxxxxxxxxxxxxxxxxxxxxxxxxxxxxxxxxxxxxxxxxxxxxxx', '林詩敏', 'lam.siman@company.com.hk', '2323 3434', '客戶經理，跟進中華電力及新鴻基地產等重要客戶，溝通能力強'),
(6, NOW(), NOW(), '$2a$10$xxxxxxxxxxxxxxxxxxxxxxxxxxxxxxxxxxxxxxxxxxxxxxxxxxx', '王小明', 'wong.siuming@company.com.hk', '2323 3434', '客戶服務專員，處理客戶查詢及投訴，安排現場勘察及報價工作'),
(7, NOW(), NOW(), '$2a$10$xxxxxxxxxxxxxxxxxxxxxxxxxxxxxxxxxxxxxxxxxxxxxxxxxxx', '趙永強', 'chiu.wingkeung@company.com.hk', '2323 3434', '工程總監，註冊電業工程人員A級，負責所有項目技術審批及監督，資深工程師'),
(8, NOW(), NOW(), '$2a$10$xxxxxxxxxxxxxxxxxxxxxxxxxxxxxxxxxxxxxxxxxxxxxxxxxxx', '鄧志明', 'tang.chiming@company.com.hk', '2323 3434', '高級工程師，負責高壓電力工程項目管理，持有註冊電業承辦商牌照'),
(9, NOW(), NOW(), '$2a$10$xxxxxxxxxxxxxxxxxxxxxxxxxxxxxxxxxxxxxxxxxxxxxxxxxxx', '梁家豪', 'leung.kaho@company.com.hk', '2323 3434', '項目工程師，負責中小型項目現場管理，工作認真負責，安全意識強'),
(10, NOW(), NOW(), '$2a$10$xxxxxxxxxxxxxxxxxxxxxxxxxxxxxxxxxxxxxxxxxxxxxxxxxxx', '吳麗珊', 'ng.laishan@company.com.hk', '2323 3434', '工程文員，處理工程文件及施工記錄整理，協調材料及人員安排'),
(11, NOW(), NOW(), '$2a$10$xxxxxxxxxxxxxxxxxxxxxxxxxxxxxxxxxxxxxxxxxxxxxxxxxxx', '何建輝', 'ho.kinfai@company.com.hk', '2323 3434', '採購經理，負責供應商管理及材料採購策略，議價能力強，成本控制優秀'),
(12, NOW(), NOW(), '$2a$10$xxxxxxxxxxxxxxxxxxxxxxxxxxxxxxxxxxxxxxxxxxxxxxxxxxx', '蔡淑芬', 'choi.shukfan@company.com.hk', '2323 3434', '採購主任，處理日常材料訂購及供應商協調，熟悉市場行情'),
(13, NOW(), NOW(), '$2a$10$xxxxxxxxxxxxxxxxxxxxxxxxxxxxxxxxxxxxxxxxxxxxxxxxxxx', '周美玲', 'chow.meiling@company.com.hk', '2323 3434', '倉務主管，負責材料入庫驗收及庫存管理，倉庫管理井井有條'),
(14, NOW(), NOW(), '$2a$10$xxxxxxxxxxxxxxxxxxxxxxxxxxxxxxxxxxxxxxxxxxxxxxxxxxx', '羅文傑', 'lo.mankit@company.com.hk', '2323 3434', '質量安全總監，負責工程質量監督及安全管理，持有註冊安全主任資格'),
(15, NOW(), NOW(), '$2a$10$xxxxxxxxxxxxxxxxxxxxxxxxxxxxxxxxxxxxxxxxxxxxxxxxxxx', '謝詠詩', 'tse.wingsee@company.com.hk', '2323 3434', '質量工程師，進行工程驗收及質量檢查，編制測試報告，工作嚴謹');

-- 插入25個用戶角色關聯
INSERT INTO user_roles (user_id, role_id) VALUES
(1, 1),
(2, 1),
(3, 1),
(4, 2),
(5, 2),
(6, 2),
(7, 3),
(8, 3),
(9, 3),
(10, 3),
(11, 4),
(12, 4),
(13, 4),
(14, 5),
(15, 5),
(1, 5),
(4, 3),
(5, 3),
(7, 5),
(8, 5),
(11, 3),
(12, 3),
(2, 4),
(9, 5),
(10, 4);

-- 插入申請類型
INSERT INTO application_types (id, name, color) VALUES
(1, '請假', 'blue'),
(2, '報銷', 'emerald'),
(3, '採購', 'purple'),
(4, '加班', 'amber'),
(5, '其他', 'gray');

-- 插入申請狀態
INSERT INTO application_statuses (id, name, color) VALUES
(1, '待審批', 'amber'),
(2, '已批准', 'green'),
(3, '已拒絕', 'red');

-- 插入30個申請記錄
INSERT INTO applications (id, created_at, updated_at, applicant_id, approver_id, title, content, reply, type_id, status_id) VALUES
(1, DATE_SUB(NOW(), INTERVAL 45 DAY), DATE_SUB(NOW(), INTERVAL 44 DAY), 3, 1, '2天', '本人因感冒發燒需請病假，日期為2024年9月20日至9月21日(共2天)，已到診所就醫並取得病假證明書，特此申請，懇請批准。附上醫生紙副本。', '批准。請注意休息，早日康復。記得將病假紙正本交到人事部存檔。', 1, 2),
(2, DATE_SUB(NOW(), INTERVAL 42 DAY), DATE_SUB(NOW(), INTERVAL 41 DAY), 9, 7, '項目4交通費', '申請報銷中環站照明改造項目現場勘察交通費，共4次往返，每次的士費約HK$150，合計HK$600。因需攜帶測量儀器，不便乘搭公共交通工具。附上的士收據4張。', '批准HK$600報銷。已轉交財務部處理，預計3個工作日內轉賬。', 2, 2),
(3, DATE_SUB(NOW(), INTERVAL 40 DAY), DATE_SUB(NOW(), INTERVAL 39 DAY), 12, 11, '項目2電纜配件', '項目2將軍澳配電房工程需緊急採購電纜接線端子200個，因現場安裝時發現庫存不足。預算金額HK$9,000，建議向偉倫電業採購，可即日送貨。影響工程進度，急需批准。', '批准緊急採購。已知會採購部加快處理，請控制成本並保留完整採購記錄。', 3, 2),
(4, DATE_SUB(NOW(), INTERVAL 38 DAY), DATE_SUB(NOW(), INTERVAL 37 DAY), 8, 7, '機場客運廊夜間施工', '項目7機場客運廊配電工程需於10月5日晚上22:00至翌日06:00進行電纜敷設工作，配合機場非營運時段。申請本人及3名技工加班8小時，預計加班費合共HK$4,800。', '批准加班申請。請做好安全措施，確保施工質量。加班費用已計入項目成本。', 4, 2),
(5, DATE_SUB(NOW(), INTERVAL 35 DAY), DATE_SUB(NOW(), INTERVAL 34 DAY), 5, 4, '客戶招待費報銷申請', '與港鐵公司工程部經理商討項目4後續合作事宜，於中環餐廳招待午餐，消費HK$1,200。討論項目進展順利，客戶對我司服務表示滿意，有助於後續業務拓展。附上餐廳收據。', '批准報銷HK$1,200。請持續維護與港鐵的客戶關係，爭取更多項目機會。', 2, 2),
(6, DATE_SUB(NOW(), INTERVAL 33 DAY), DATE_SUB(NOW(), INTERVAL 32 DAY), 10, 7, '5天', '申請年假由2024年11月15日至11月19日(共5天)，已與同事做好工作交接安排，緊急事項可電話聯絡。計劃與家人外遊，機票已預訂，懇請批准。', '批准年假申請。請提前做好工作交接，確保項目文件整理妥當。祝旅途愉快！', 1, 2),
(7, DATE_SUB(NOW(), INTERVAL 30 DAY), DATE_SUB(NOW(), INTERVAL 29 DAY), 6, 4, '客戶拜訪停車費', '本月客戶拜訪停車費報銷，共8次客戶現場勘察，停車費合計HK$480。包括新鴻基地產將軍澳項目、海洋公園等地點。附上停車場收據正本。', '批准報銷HK$480。建議日後統一使用公司車輛，可節省成本。', 2, 2),
(8, DATE_SUB(NOW(), INTERVAL 28 DAY), DATE_SUB(NOW(), INTERVAL 27 DAY), 11, 1, '智能照明系統設備', '項目6大埔廣場智能照明系統需採購Philips Dynalite控制器20套及配套設備，報價HK$170,000。已取得3家供應商報價，飛利浦照明價格合理且技術支援完善，建議採用。', '批准採購申請。請與財務部協調付款條款，確保項目預算控制在範圍內。', 3, 2),
(9, DATE_SUB(NOW(), INTERVAL 25 DAY), DATE_SUB(NOW(), INTERVAL 25 DAY), 15, 14, '電氣安全規範更新課程', '申請參加香港工程師學會舉辦的「2024電氣安全規範更新」課程，日期為11月20日，學費HK$2,500。有助提升專業知識，了解最新法規要求，對工程質量監督工作有幫助。', '批准參加培訓。學費由公司支付，請完成後提交培訓證書副本及學習報告。', 5, 2),
(10, DATE_SUB(NOW(), INTERVAL 23 DAY), DATE_SUB(NOW(), INTERVAL 22 DAY), 9, 7, '港鐵中環站週末施工', '項目4中環站照明改造需於11月16-17日週末進行月台區域施工，配合港鐵非營運時段。申請本人及4名技工每天加班8小時，共2天，預計加班費HK$9,600。', '批准加班申請。週末施工務必注意安全，確保按時完成任務。', 4, 2),
(11, DATE_SUB(NOW(), INTERVAL 20 DAY), DATE_SUB(NOW(), INTERVAL 19 DAY), 13, 11, '倉庫設備維護費', '倉庫叉車年度保養維護費HK$3,800，包括機油更換、液壓系統檢查及安全檢驗。叉車為搬運大型設備必需工具，定期保養確保安全使用。附上維修廠收據及檢驗證書。', '批准報銷HK$3,800。叉車為重要設備，請按時保養並記錄保養週期。', 2, 2),
(12, DATE_SUB(NOW(), INTERVAL 18 DAY), DATE_SUB(NOW(), INTERVAL 17 DAY), 7, 1, '1天', '因需處理家庭事務，申請2024年11月25日事假1天。已安排同事跟進當天工程會議，不影響項目進度。懇請批准。', '批准事假申請。請提前通知相關項目團隊，確保工作順利交接。', 1, 2),
(13, DATE_SUB(NOW(), INTERVAL 15 DAY), DATE_SUB(NOW(), INTERVAL 14 DAY), 12, 11, 'Q4消耗性材料補貨', '第四季度消耗性材料補貨採購，包括絕緣膠帶100卷、線纜標籤3000張、熱縮套管300米等，預算金額HK$6,500。庫存已低於安全水平，需及時補充。', '批准採購申請。請控制採購成本，優先選擇性價比高的供應商。', 3, 2),
(14, DATE_SUB(NOW(), INTERVAL 12 DAY), DATE_SUB(NOW(), INTERVAL 11 DAY), 5, 4, '客戶禮品費用', '中秋節向主要客戶贈送月餅禮盒，共15盒，每盒HK$380，合計HK$5,700。客戶包括中華電力、新鴻基地產、港鐵公司等長期合作夥伴，維護客戶關係。附上禮品店收據。', '批准報銷HK$5,700。適當的客戶關懷有助業務發展，請記錄送禮清單以便跟進。', 2, 2),
(15, DATE_SUB(NOW(), INTERVAL 10 DAY), DATE_SUB(NOW(), INTERVAL 9 DAY), 8, 7, '海洋公園緊急維修', '海洋公園過山車供電系統發現隱患需緊急處理，申請12月1日加班6小時進行檢修。本人及2名技工，預計加班費HK$3,600。事關遊客安全，需儘快處理。', '批准緊急加班。安全第一，請仔細檢查並記錄維修詳情。', 4, 2),
(16, DATE_SUB(NOW(), INTERVAL 8 DAY), DATE_SUB(NOW(), INTERVAL 7 DAY), 14, 1, 'ISO 9001質量管理課程', '申請參加ISO 9001:2015質量管理體系內審員培訓，日期為12月10-12日(3天)，學費HK$8,500。公司計劃推行ISO認證，需培養內審人員。', '批准培訓申請。ISO認證對公司發展重要，請認真學習並協助推動認證工作。', 5, 2),
(17, DATE_SUB(NOW(), INTERVAL 5 DAY), DATE_SUB(NOW(), INTERVAL 4 DAY), 2, 1, '辦公室文具用品', '財務部辦公文具用品採購，包括打印紙20包、文件夾50個、訂書機5個等，合計HK$1,850。日常辦公必需品，庫存已用完。附上文具店收據。', '批准報銷HK$1,850。建議建立辦公用品定期採購計劃，避免頻繁小額採購。', 2, 2),
(18, DATE_SUB(NOW(), INTERVAL 3 DAY), DATE_SUB(NOW(), INTERVAL 2 DAY), 10, 7, '1天', '本人因腸胃不適需請病假，日期為2024年12月3日(1天)，已到診所就醫。特此申請，懇請批准。病假紙將於復工時提交。', '批准病假。請好好休息，注意飲食。記得提交病假證明書。', 1, 2),
(19, DATE_SUB(NOW(), INTERVAL 2 DAY), DATE_SUB(NOW(), INTERVAL 1 DAY), 11, 1, '發電機維護備件', '項目3發電機年度維護需採購更換零件，包括機油濾清器、空氣濾清器、火花塞等康明斯原廠配件，報價HK$15,800。確保維護質量，建議使用原廠件。', '批准採購原廠配件。發電機為關鍵設備，使用原廠件確保可靠性。', 3, 2),
(20, DATE_SUB(NOW(), INTERVAL 1 DAY), NOW(), 9, 7, '項目7現場午餐費', '機場客運廊項目施工期間，因機場禁區內無餐廳，需為工人訂購外賣午餐，5名工人工作5天，每餐HK$60，合計HK$1,500。附上餐廳收據。', '批准報銷HK$1,500。機場項目特殊情況可理解，請控制餐費標準。', 2, 2),
(21, NOW(), NOW(), 6, 4, '3天', '申請年假由2024年12月23日至12月25日(共3天)，聖誕節與家人團聚。已與同事協調好工作安排，緊急事項可手機聯絡。懇請批准。', '批准年假申請。聖誕快樂！請做好客戶服務交接工作。', 1, 2),
(22, NOW(), NOW(), 12, NULL, '測試儀器校準服務', '公司測試儀器(絕緣測試儀3台、萬用表10個)需送檢校準，確保測量準確性。校準服務費HK$8,500，包括校準證書。儀器超過1年未校準，影響測試可信度。', '', 3, 1),
(23, NOW(), NOW(), 15, NULL, '消防安全主任複訓課程', '註冊安全主任資格需每3年複訓，申請參加勞工處認可課程，日期為2025年1月8-10日，學費HK$4,200。保持資格有效對公司工程投標必要。', '', 5, 1),
(24, NOW(), NOW(), 7, NULL, '青衣變電站週末維護', '項目9青衣變電站維護需於12月14-15日週末進行，配合中電停電時段。申請本人及3名高級技工加班，共16小時，預計加班費HK$12,800。高壓作業需資深人員。', '', 4, 1),
(25, NOW(), NOW(), 4, NULL, '商務午餐費用', '與機場管理局工程部主管商談項目7後續擴展計劃，午餐費用HK$980。客戶表示滿意現有工程質量，有意向增加第二期工程項目。附上餐廳收據。', '', 2, 1),
(26, NOW(), NOW(), 8, NULL, '半天', '因需辦理車輛續牌手續，申請2024年12月18日下午事假半天。上午工作正常，不影響項目進度。懇請批准。', '', 1, 1),
(27, NOW(), NOW(), 13, NULL, '安全防護用品補充', '工地安全防護用品補充採購，包括安全帽20個、反光背心30件、安全鞋15對，預算HK$8,900。現有防護用品損耗嚴重，需及時補充確保施工安全。', '', 3, 1),
(28, NOW(), NOW(), 3, NULL, '專業書籍購買', '購買《香港電力(線路)規例工作守則》2024年版及《建築工程安全手冊》，合計HK$650。更新專業知識，了解最新法規要求。附上書店收據。', '', 2, 1),
(29, NOW(), NOW(), 5, NULL, '海洋公園項目洽談', '申請於12月20日拜訪海洋公園，商討項目5過山車供電系統檢修後續工作及新年度維護合約。需時半天，預計交通費HK$200。', '', 5, 1),
(30, NOW(), NOW(), 9, NULL, '大埔廣場系統調試', '項目6智能照明系統設備安裝完成，需進行系統調試及員工培訓。申請12月21日週六加班8小時，本人及1名助理，預計加班費HK$2,400。', '', 4, 1);

-- 插入60個施工記錄
INSERT INTO records (id, created_at, updated_at, task_id, user_id, title, content, minutes) VALUES
(1, DATE_SUB(NOW(), INTERVAL 15 DAY), DATE_SUB(NOW(), INTERVAL 15 DAY), 1, 7, 'UPS電池櫃現場勘察完成', '今日完成紅磡電力大廈UPS電池櫃現場勘察工作。測量現有12組電池櫃尺寸為2400mm×800mm×2200mm，確認機房樓底高度3.2米，足夠安裝新設備。電纜走線路徑經天花經由主電纜橋架進入UPS機房，距離約25米。拍攝現場照片60張，包括電池櫃、配電系統、電纜走線等。現場環境溫度26°C，濕度62%，通風良好。與大廈管理處協調確認可於夜間時段施工，需提前48小時預約。', 240),
(2, DATE_SUB(NOW(), INTERVAL 13 DAY), DATE_SUB(NOW(), INTERVAL 13 DAY), 2, 8, 'UPS系統設計圖紙初稿完成', '根據現場勘察數據完成UPS系統設計圖紙初稿。繪製單線圖顯示2套100kVA UPS並聯運行，共用12組蓄電池櫃。平面佈置圖標示新設備位置及電纜走線路徑。電纜清單包括240mm²直流電纜80米、控制電纜50米。設計方案已考慮冗餘備份，任一UPS故障不影響系統運行。圖紙使用AutoCAD 2024繪製，已轉存PDF格式準備提交客戶審批。', 300),
(3, DATE_SUB(NOW(), INTERVAL 11 DAY), DATE_SUB(NOW(), INTERVAL 11 DAY), 2, 7, 'UPS設計方案客戶審批會議', '與中華電力工程部陳大明經理舉行設計方案審批會議。客戶對設計方案整體滿意，提出三點修改意見：1.增加電池櫃底座高度至300mm以防水浸；2.直流電纜改用鎧裝型提高防護等級；3.控制櫃增加遠程監控功能。會議歷時2小時，客戶同意按修改後方案實施，要求3天內提交修訂圖紙。記錄會議紀要並拍攝會議照片3張。', 120),
(4, DATE_SUB(NOW(), INTERVAL 10 DAY), DATE_SUB(NOW(), INTERVAL 10 DAY), 2, 8, '設計圖紙修訂版完成', '按照客戶要求完成設計圖紙修訂。電池櫃底座高度調整為300mm，更新材料清單將YJV電纜改為YJV22鎧裝電纜，控制系統增加SNMP網絡監控模組。重新計算電纜長度，鎧裝電纜需增加10米。更新工程預算，材料成本增加HK$18,000。修訂圖紙已標註Rev.B版本號，以PDF及DWG格式發送客戶審批。', 180),
(5, DATE_SUB(NOW(), INTERVAL 9 DAY), DATE_SUB(NOW(), INTERVAL 9 DAY), 3, 11, 'UPS設備採購訂單確認', '與施耐德電氣確認UPS設備訂單。2套Schneider Galaxy VS 100kVA系統，含配套電池櫃，單價HK$185,000，合計HK$370,000。交貨期4週，運輸及吊運費用HK$12,000。供應商確認設備符合IEC標準，提供2年保養及免費安裝調試服務。已支付30%訂金HK$111,000，設備預計10月底到貨。安排倉庫預留存放空間。', 90),
(6, DATE_SUB(NOW(), INTERVAL 8 DAY), DATE_SUB(NOW(), INTERVAL 8 DAY), 3, 12, '電纜及配件採購完成', '完成UPS項目電纜及配件採購。向偉倫電業訂購YJV22 240mm²鎧裝電纜90米，單價HK$145/米，合計HK$13,050。電纜接線端子100個，固定夾200個，絕緣膠帶20卷。供應商承諾2天內送貨。檢查倉庫電纜存貨，確認控制電纜有充足庫存無需採購。更新材料清單及採購記錄。', 60),
(7, DATE_SUB(NOW(), INTERVAL 5 DAY), DATE_SUB(NOW(), INTERVAL 5 DAY), 3, 13, 'UPS設備到貨驗收', '施耐德UPS設備按期到貨，進行開箱驗收。核對設備型號、序號與訂單一致，外觀無損傷。檢查隨機文件包括出廠測試報告、合格證、使用手冊等齊全。清點配件包括監控模組、通訊電纜、安裝支架等無遺漏。測量電池櫃尺寸確認符合設計要求。拍攝設備照片12張作驗收記錄。設備暫存倉庫，已辦理入庫手續，安排吊機預約下週運送現場。', 120),
(8, DATE_SUB(NOW(), INTERVAL 4 DAY), DATE_SUB(NOW(), INTERVAL 4 DAY), 4, 9, '舊電池櫃拆除準備工作', '晚上22:00進入紅磡電力大廈機房，進行舊電池櫃拆除準備。首先確認UPS主機運行正常，切換至市電供電模式，逐步斷開舊電池組連接。使用萬用表測量確認電池組已無電壓。拆除電池間連接銅排，小心處理避免短路。清理電池櫃周邊雜物，規劃搬運路徑。工作至凌晨2:00，拆除電池連接線完成80%。明晚繼續進行電池櫃移除工作。', 240),
(9, DATE_SUB(NOW(), INTERVAL 3 DAY), DATE_SUB(NOW(), INTERVAL 3 DAY), 4, 9, '舊電池櫃拆除完成', '晚上22:00繼續昨日工作，完成舊電池櫃拆除。拆除剩餘電池連接線，使用叉車將12組電池櫃逐一移出機房。舊電池按環保規定包裝，聯絡環保回收公司安排翌日收走。清理機房地面，檢查電纜管線無損壞。測量新設備安裝位置尺寸，確認與設計圖紙吻合。凌晨3:00完成所有拆除工作，UPS主機運行穩定，未發生停電事故。拍攝拆除後現場照片8張。', 300),
(10, DATE_SUB(NOW(), INTERVAL 2 DAY), DATE_SUB(NOW(), INTERVAL 2 DAY), 5, 8, '新電池櫃開始安裝', '上午9:00吊機到場，開始新UPS電池櫃安裝。使用吊機將2套UPS主機及12組電池櫃運至15樓機房。每件設備重約600kg，吊運過程小心謹慎，歷時3小時全部運抵。下午開始設備就位，按設計圖紙位置安裝電池櫃，調整水平度誤差控制在2mm以內。安裝300mm高底座並固定，確保防水要求。完成8組電池櫃安裝，剩餘4組及2台UPS主機明日繼續。拍攝吊運及安裝照片15張。', 480),
(11, DATE_SUB(NOW(), INTERVAL 1 DAY), DATE_SUB(NOW(), INTERVAL 1 DAY), 5, 8, 'UPS主機及電池櫃安裝完成', '上午繼續設備安裝工作。完成剩餘4組電池櫃就位及固定，調整所有電池櫃水平及對齊。安裝2台UPS主機於指定位置，連接主機間並聯電纜。下午開始直流電纜連接，敷設YJV22 240mm²鎧裝電纜從電池櫃至UPS主機，使用專用壓接鉗壓接電纜端子，確保連接緊固。每個連接點測試接觸電阻小於50微歐姆。完成12組電池櫃與UPS主機直流連接。使用絕緣膠帶及熱縮套管保護接頭。拍攝接線照片10張。', 510),
(12, NOW(), NOW(), 5, 7, 'UPS系統絕緣測試', '今日進行UPS系統絕緣測試。使用Megger絕緣測試儀，測試電壓2500V，測量直流正負母線對地絕緣電阻。12組電池櫃絕緣測試結果均大於500兆歐姆，符合規範要求。檢查所有電纜連接點，目視檢查無鬆動或過熱跡象。測試蓄電池組電壓，每組標稱電壓480V，實測電壓在475-485V之間，電壓平衡良好。檢查UPS主機顯示面板，參數設置正確。記錄測試數據並拍攝儀表讀數照片6張。', 180),
(13, DATE_SUB(NOW(), INTERVAL 10 DAY), DATE_SUB(NOW(), INTERVAL 10 DAY), 7, 5, '將軍澳配電房停電申請遞交', '今日向中華電力遞交將軍澳新都城商場配電房計劃停電申請。申請停電日期為11月8日上午9:00至下午13:00，共4小時。停電範圍為商場主配電房11kV進線，需配合高壓設備更換工作。填寫中電指定表格，提供詳細停電原因及施工方案。已知會商場管理處及租戶，確認停電時段不影響營運。中電承諾5個工作日內回覆審批結果。', 90),
(14, DATE_SUB(NOW(), INTERVAL 8 DAY), DATE_SUB(NOW(), INTERVAL 8 DAY), 7, 5, '中電停電申請獲批', '收到中華電力批准通知，11月8日停電申請獲批。停電時段為上午9:00至下午13:00，需嚴格遵守時間。中電要求施工前1小時再次電話確認，完工後即時通知恢復送電。停電期間需派員駐場監督，確保安全操作。已通知項目組準備施工，安排5名技工當日到場。發出停電通知予商場管理處，要求提前關閉非必要用電設備。', 60),
(15, DATE_SUB(NOW(), INTERVAL 5 DAY), DATE_SUB(NOW(), INTERVAL 5 DAY), 8, 11, '高壓開關櫃設備到貨', '將軍澳項目高壓開關櫃設備到貨驗收。3面12kV中置式開關櫃，施耐德PIX系列，真空斷路器額定電流630A。檢查設備出廠資料包括型式試驗報告、例行試驗報告、合格證等文件齊全。外觀檢查無運輸損傷，櫃體油漆完好。核對設備銘牌參數與訂單一致。測試手車操作機構，進出順暢，機械閉鎖功能正常。檢查真空斷路器操作電壓DC220V，儲能正常。拍攝設備照片9張，辦理入庫手續。', 120),
(16, DATE_SUB(NOW(), INTERVAL 4 DAY), DATE_SUB(NOW(), INTERVAL 4 DAY), 8, 11, '變壓器設備驗收', '1000kVA乾式變壓器到貨驗收。ABB鑄樹脂變壓器，一次電壓11kV，二次電壓380V，Dyn11接線，IP21防護。檢查隨機文件包括出廠測試報告，測試項目包含絕緣電阻、耐壓、負載損耗等，測試結果符合國家標準。外觀檢查鐵芯、線圈無損傷，絕緣完好。檢查溫度控制器、風機等附件齊全。測量外形尺寸2100×1200×1800mm，重量約2.8噸。安排專用運輸車下週運送現場。拍攝設備照片7張。', 90),
(17, NOW(), NOW(), 9, 9, '配電房土建改造開工', '今日開始將軍澳配電房土建改造工作。首先拆除舊配電櫃留下的混凝土基礎，使用電鎬破碎，深度300mm。清理地面雜物及電纜溝內積塵。測量新設備基礎位置，按設計圖紙放線定位。檢查地面承重結構，確認可承受3噸設備重量。規劃電纜溝走向，需新開挖電纜溝長度8米，寬度400mm，深度300mm。配電房內粉塵較大，已做好防護措施。預計土建工作需時5天完成。拍攝施工前現場照片6張。', 420),
(18, DATE_SUB(NOW(), INTERVAL 20 DAY), DATE_SUB(NOW(), INTERVAL 20 DAY), 11, 8, '1號發電機油路系統檢查', '於機場T1航站樓進行1號發電機油路系統檢查。Cummins 2000kVA發電機組，運行時數8560小時。拆卸燃油濾清器，檢查濾芯積碳較多，決定更換新濾芯。檢查噴油嘴霧化情況，使用專用測試台測試，8個噴油嘴中2個霧化不良需清洗。測試高壓油泵輸出壓力1350 bar，符合規範。檢查燃油管路無洩漏，連接緊固。測量燃油供應壓力0.35 MPa正常。記錄檢查數據，拍攝油路系統照片8張。', 240),
(19, DATE_SUB(NOW(), INTERVAL 19 DAY), DATE_SUB(NOW(), INTERVAL 19 DAY), 11, 8, '1號發電機噴油嘴清洗完成', '完成1號發電機2個噴油嘴超音波清洗。清洗後重新測試霧化效果，噴射角度60度，霧化均勻，符合技術要求。安裝噴油嘴至發動機，扭力扳手按規定扭矩25Nm緊固。更換噴油嘴銅墊片確保密封。安裝新的燃油濾清器，加注清潔柴油排出系統空氣。手動盤車檢查油路無洩漏。完成油路系統保養工作，設備可投入運行。工作歷時4小時，拍攝保養後照片5張。', 240),
(20, DATE_SUB(NOW(), INTERVAL 18 DAY), DATE_SUB(NOW(), INTERVAL 18 DAY), 12, 9, '2號發電機冷卻系統保養', '進行2號發電機冷卻系統維護保養。首先排出舊冷卻液約80升，檢查冷卻液顏色偏深，含雜質較多，確認需更換。拆卸散熱器檢查，發現散熱片積塵堵塞約30%，使用壓縮空氣清潔。檢查水泵運轉正常，軸承無異響，葉輪無磨損。檢查橡膠軟管無老化龜裂。測試恆溫器開啟溫度82°C，符合設計要求。加注新冷卻液Cummins原廠長效冷卻液80升。啟動發電機排出系統空氣，運行30分鐘檢查無洩漏。', 300),
(21, DATE_SUB(NOW(), INTERVAL 16 DAY), DATE_SUB(NOW(), INTERVAL 16 DAY), 13, 7, '3號發電機電氣系統測試', '對3號發電機進行電氣系統全面測試。啟動發電機空載運行，使用福祿克萬用表測量三相輸出電壓：A相230V、B相229V、C相231V，電壓平衡良好。測量頻率50.2Hz穩定。測試自動轉換開關ATS動作，模擬市電故障，發電機15秒內自動啟動並接入負載，功能正常。檢查保護裝置參數設置，過電流保護設定150%額定電流，欠壓保護設定85%額定電壓。測試緊急停機按鈕功能正常。記錄測試數據並拍照4張。', 180),
(22, DATE_SUB(NOW(), INTERVAL 14 DAY), DATE_SUB(NOW(), INTERVAL 14 DAY), 14, 7, '4號發電機負載測試準備', '準備4號發電機負載測試。檢查發電機運行狀態良好，油位、水位正常。連接臨時負載組，電阻負載櫃額定功率1500kW，可調節負載至額定功率的75%即1500kW。檢查測試儀器包括功率分析儀、溫度記錄儀、振動測試儀等工作正常。與機管局工程人員協調確認測試時段為晚上22:00-02:00，避免影響機場正常運作。準備測試記錄表格，安排2名工程師監測測試過程。', 120),
(23, DATE_SUB(NOW(), INTERVAL 13 DAY), DATE_SUB(NOW(), INTERVAL 13 DAY), 14, 8, '4號發電機負載測試完成', '晚上進行4號發電機75%負載測試，測試歷時2小時。啟動發電機空載運行10分鐘穩定後，分5個階段逐步加載至1500kW。測量三相電壓380V±3%，頻率50Hz±0.2Hz，功率因數0.85，各項參數穩定。記錄發動機排溫、冷卻水溫、機油壓力等參數每15分鐘一次。最高排溫485°C，冷卻水溫88°C，機油壓力4.2 bar，均在正常範圍。測試期間發電機運行平穩，無異常振動或噪音。測試後檢查設備無洩漏、無過熱。拍攝測試數據照片10張。', 180),
(24, DATE_SUB(NOW(), INTERVAL 10 DAY), DATE_SUB(NOW(), INTERVAL 10 DAY), 15, 9, '中環站D出口照明更換夜間施工', '晚上02:00開始中環站D出口LED照明更換工作。港鐵工程督導員在場監督，確認非營運時段可安全施工。使用高空工作車更換天花LED面板燈，每盞燈具先測試斷電，然後拆除舊燈具，安裝新的Philips 40W LED面板燈。逐盞測試亮燈及調光功能正常。更換150盞燈具，包括120盞面板燈及30盞指示燈。更換過程順利，未發生安全事故。凌晨05:00完成所有燈具更換，清理現場。拍攝更換前後對比照片12張。', 180),
(25, DATE_SUB(NOW(), INTERVAL 8 DAY), DATE_SUB(NOW(), INTERVAL 8 DAY), 15, 9, 'D出口照明系統測試', '完成D出口照明更換後進行系統功能測試。逐個回路測試開關控制功能正常，所有燈具正常點亮。使用照度計測量地面照度，出口通道平均照度280 lux，符合港鐵標準要求≥200 lux。測試應急照明功能，切斷市電供應，應急燈立即啟動，照度滿足疏散要求。檢查燈具編號標識完整，對應電路圖準確。拍攝測試照片及照度計讀數6張。向港鐵工程部提交完工報告及測試數據。', 120),
(26, DATE_SUB(NOW(), INTERVAL 7 DAY), DATE_SUB(NOW(), INTERVAL 7 DAY), 16, 8, '中環站大堂照明改造開工', '開始中環站主大堂照明改造工程。施工時段凌晨01:00-05:00，4小時內需完成。今晚目標更換大堂北側180盞LED面板燈。施工前檢查工具及材料齊備，高空工作車2台已就位。按區域分組施工，每組2人配合，拆除舊燈具並安裝新燈具。同步進行線路檢查，部分接線端子老化需更換。完成180盞燈具更換，佔總數的51%。施工進度順利，未影響港鐵翌日正常營運。拍攝施工過程照片8張。', 240),
(27, DATE_SUB(NOW(), INTERVAL 5 DAY), DATE_SUB(NOW(), INTERVAL 5 DAY), 16, 8, '大堂照明改造第二階段', '繼續中環站大堂照明改造，今晚完成剩餘170盞燈具更換。由於對工作流程已熟悉，施工效率提高。完成所有天花LED面板燈更換，合共350盞。檢查智能調光系統接線，每個調光模組控制30-40盞燈具。連接DALI通訊線，設置燈具地址。測試調光功能，可實現10%-100%無級調光，反應靈敏。完成後逐區測試，所有燈具工作正常。清理施工垃圾，舊燈具打包運走。凌晨04:30完工，拍攝完工照片10張。', 210),
(28, DATE_SUB(NOW(), INTERVAL 4 DAY), DATE_SUB(NOW(), INTERVAL 4 DAY), 16, 7, '大堂照明照度檢測', '進行中環站大堂照明照度檢測。使用標準照度計，按照港鐵規範要求在大堂設置15個測試點，測量水平及垂直照度。測量時間為晚上20:00正常營運時段，所有燈具100%輸出。測試結果顯示大堂平均照度380 lux，最低照度295 lux，均勻度0.78，完全符合港鐵標準≥300 lux的要求。相比舊照明系統照度提升25%，同時能耗降低40%。記錄各測點照度數據，繪製照度分佈圖。拍攝測試照片5張及照度計讀數。', 150),
(29, NOW(), NOW(), 17, 9, '中環站月台照明工程第一晚', '今晚開始中環站月台照明更換工程。月台區域為關鍵安全區域，施工難度較大。凌晨01:00港鐵確認列車停運後開始施工。使用高空作業車更換月台天花LED筒燈，每盞燈具更換前需測試斷電，確保安全。月台較窄，工作車移動需格外小心。今晚完成月台東側180盞筒燈更換，佔總數的36%。施工期間有港鐵督導員全程監督，確保符合安全規範。凌晨04:45完工清場，拍攝施工照片9張。明晚繼續月台中段施工。', 225),
(30, DATE_SUB(NOW(), INTERVAL 20 DAY), DATE_SUB(NOW(), INTERVAL 20 DAY), 24, 9, '機場客運廊電纜橋架安裝開工', '今日開始機場北衛星客運廊電纜橋架安裝工程。進場前完成機管局工作許可申請及安全培訓。施工區域為客運廊二層天花，需使用升降台作業。今日安裝400×100mm主橋架50米，使用熱浸鋅鋼製橋架確保防腐。每3米設置一個吊架，使用膨脹螺栓固定於混凝土樓板。安裝時需注意橋架水平度，誤差控制在5mm/10m以內。橋架連接使用專用連接片，確保連續性。完成50米橋架安裝，拍攝安裝照片7張。明日繼續安裝。', 450),
(31, DATE_SUB(NOW(), INTERVAL 19 DAY), DATE_SUB(NOW(), INTERVAL 19 DAY), 24, 9, '客運廊橋架安裝第二日', '繼續客運廊電纜橋架安裝。今日安裝主橋架80米及分支橋架200×100mm共30米。遇到天花消防管道及空調風管交叉，需調整橋架走向避開。橋架轉彎處使用專用彎頭，確保電纜敷設半徑≥電纜外徑的15倍。安裝橋架蓋板，防止雜物掉落影響下方區域。完成橋架跨接接地，每段橋架連接處使用銅編織線跨接，確保接地連續性。測試接地電阻＜4歐姆。累計完成橋架130米，進度良好。拍攝交叉施工照片6張。', 480),
(32, DATE_SUB(NOW(), INTERVAL 18 DAY), DATE_SUB(NOW(), INTERVAL 18 DAY), 24, 8, '橋架安裝驗收及整改', '今日完成客運廊電纜橋架安裝收尾工作。安裝剩餘20米橋架及所有配件。機管局工程部派員進行中期驗收檢查，提出3點整改意見：1.部分吊架與消防噴頭距離不足500mm需調整；2.橋架標識不完整需補充；3.部分蓋板固定螺絲鬆動需加固。即時安排整改，調整4個吊架位置，補充橋架編號標識，加固所有蓋板螺絲。下午再次驗收，確認整改完成，橋架安裝工程通過驗收。拍攝驗收照片5張，準備下階段電纜敷設。', 360),
(33, DATE_SUB(NOW(), INTERVAL 8 DAY), DATE_SUB(NOW(), INTERVAL 8 DAY), 25, 9, '客運廊主電纜敷設第一日', '開始客運廊主電纜敷設工作。敷設3條YJV22 240mm²銅芯鎧裝電纜，每條長度100米。電纜由主配電房沿橋架敷設至客運廊末端分電箱。使用電動絞磨機牽引電纜，在橋架內每2米設置滾輪減少摩擦。電纜敷設時保持適當張力，避免扭曲變形。電纜轉彎處使用臨時固定夾保持彎曲半徑。今日完成2條電纜共200米敷設，明日繼續第3條電纜及接頭製作。施工順利，拍攝敷設過程照片8張。', 480),
(34, DATE_SUB(NOW(), INTERVAL 7 DAY), DATE_SUB(NOW(), INTERVAL 7 DAY), 25, 9, '客運廊電纜敷設完成', '完成第3條主電纜敷設，3條240mm²電纜共300米全部完成。開始製作電纜終端頭，清理電纜外護套，剝離鎧裝層，分離三相導體。使用熱縮套管製作終端，加熱使其緊密貼合。壓接電纜接線端子，扭力扳手確保緊固扭矩。每個端子製作後測試接觸電阻＜50微歐姆。製作完成18個電纜終端（每條電纜兩端各3相）。使用絕緣測試儀測試電纜絕緣，三相對地絕緣電阻均＞1000兆歐姆，符合規範。拍攝端頭製作照片12張。', 510),
(35, DATE_SUB(NOW(), INTERVAL 6 DAY), DATE_SUB(NOW(), INTERVAL 6 DAY), 25, 8, '電纜編號標識及測試', '完成電纜編號標識工作。按照設計圖紙對3條主電纜進行編號：L1-KC-01、L1-KC-02、L1-KC-03。在電纜起點、終點及每個支撐點貼上標識牌，標明電纜編號、規格、去向。標識牌使用防水耐腐蝕材料，字跡清晰。進行電纜相位檢查，確認三條電纜相序一致，避免相序錯誤。使用相序表測試確認A-B-C相序正確。記錄電纜敷設記錄，包括長度、路徑、測試數據等。拍攝標識完成照片6張。準備下階段配電櫃連接工作。', 240),
(36, DATE_SUB(NOW(), INTERVAL 12 DAY), DATE_SUB(NOW(), INTERVAL 12 DAY), 27, 9, '荃灣站緊急照明更換第一晚', '晚上開始荃灣站緊急照明更換工程。今晚更換車站大堂及通道區域緊急照明燈80個，出口指示燈30個。施工時段00:30-04:30配合港鐵非營運時段。緊急照明燈為內置蓄電池型，需先斷電然後拆除舊燈具。安裝新LED緊急照明燈，連接市電及充電線路。測試每盞燈具切斷市電後應急功能正常，應急時間＞3小時。出口指示燈為雙面發光型，安裝於通道上方，確保兩側均可見。完成110盞燈具更換，拍攝安裝照片8張。', 240),
(37, DATE_SUB(NOW(), INTERVAL 11 DAY), DATE_SUB(NOW(), INTERVAL 11 DAY), 27, 9, '荃灣站緊急照明更換第二晚', '繼續荃灣站緊急照明更換工程。今晚完成月台及機房區域燈具更換。月台緊急照明要求較高，需確保疏散路徑照度充足。更換月台緊急照明燈100個，位置按消防規範設置，間距≤20米。機房區域更換緊急照明燈20個，確保設備維護時照明。完成出口指示燈20個，指示方向明確。所有燈具安裝完成後逐一測試應急功能。累計完成280盞緊急照明燈及50盞出口指示燈。拍攝完工照片9張。', 240),
(38, DATE_SUB(NOW(), INTERVAL 10 DAY), DATE_SUB(NOW(), INTERVAL 10 DAY), 27, 8, '荃灣站緊急照明接線及測試', '完成荃灣站緊急照明系統接線工作。檢查所有燈具接線正確，市電及應急線路無混淆。測試緊急照明配電箱，確認主電源及EPS應急電源切換功能正常。使用照度計測試應急照明照度，疏散通道地面照度≥10 lux，樓梯間照度≥20 lux，符合消防規範。測試應急持續時間，隨機抽查20盞燈具，切斷市電後計時，應急時間均＞180分鐘。記錄測試數據，準備消防驗收文件。拍攝測試照片7張。', 300),
(39, DATE_SUB(NOW(), INTERVAL 7 DAY), DATE_SUB(NOW(), INTERVAL 7 DAY), 28, 7, '荃灣站消防驗收準備', '準備荃灣站緊急照明系統消防驗收文件。整理施工記錄、測試報告、產品合格證等資料。檢查所有燈具標識完整，應急照明燈貼有「應急照明」標識，出口指示燈方向正確。檢查配電箱內接線整齊，回路標識清晰。編製竣工圖紙，標示所有燈具位置及編號。準備驗收測試計劃，列明測試項目及方法。與消防處預約驗收時間，確認12月5日進行現場驗收。拍攝準備文件照片4張。', 180),
(40, DATE_SUB(NOW(), INTERVAL 6 DAY), DATE_SUB(NOW(), INTERVAL 6 DAY), 28, 7, '消防處驗收順利通過', '今日消防處派員進行荃灣站緊急照明系統驗收。驗收人員現場抽查30盞緊急照明燈及10盞出口指示燈，測試應急功能全部正常。測量疏散通道照度，符合規範要求。檢查配電箱及控制系統，確認符合設計要求。審查竣工文件，資料齊全準確。驗收歷時3小時，未發現不符合項，一次性通過驗收。消防處即場簽發驗收合格證明。向港鐵提交完工報告及消防驗收證書。工程正式完成，拍攝驗收照片5張。', 180),
(41, NOW(), NOW(), 29, 8, '青衣變電站斷路器檢測開工', '今日開始青衣變電站110kV斷路器檢測工作。變電站已按計劃停電，確認設備無電壓後掛接地線。檢測SF6斷路器，首先檢查氣體壓力，壓力表顯示0.62 MPa，在正常範圍內。測試斷路器機械特性，使用高速攝影機記錄分合閘動作。分閘時間32ms，合閘時間48ms，符合製造廠規範。檢查操作機構，儲能電機工作正常，儲能時間15秒。檢查輔助開關及閉鎖裝置功能正常。今日完成1台斷路器檢測，拍攝測試照片6張。', 420),
(42, DATE_SUB(NOW(), INTERVAL 3 DAY), DATE_SUB(NOW(), INTERVAL 3 DAY), 19, 9, '過山車供電系統現場勘察', '今日於海洋公園進行過山車供電系統現場勘察。過山車為「極速之旅」型，軌道全長680米。沿軌道檢查供電電纜狀況，發現3處電纜外護套老化龜裂，需更換。檢查軌道分段隔離開關6個，其中2個觸點燒蝕需更換。使用萬用表測量軌道各段電壓，起點380V，中點375V，終點370V，電壓降10V在允許範圍。測試緊急停止按鈕5個位置，功能正常。拍攝勘察照片15張，標註問題位置。編製維修方案及材料清單。', 300),
(43, DATE_SUB(NOW(), INTERVAL 2 DAY), DATE_SUB(NOW(), INTERVAL 2 DAY), 19, 8, '過山車電纜老化評估', '對過山車供電電纜進行詳細評估。老化電纜為YJV 3×95mm²，使用年限8年，部分區段經日曬雨淋導致外護套老化。使用絕緣測試儀測量電纜絕緣，3處問題電纜絕緣電阻分別為180、220、250兆歐姆，雖未低於規範值100兆歐姆，但相比正常段800兆歐姆明顯偏低。考慮過山車為遊客設施，安全要求高，建議更換老化電纜段落，合共需更換電纜120米。編製更換方案，計劃於淡季進行。拍攝電纜老化照片8張。', 240),
(44, NOW(), NOW(), 20, 9, '過山車控制室配電檢查', '今日檢查過山車控制室配電系統。控制櫃內檢查主斷路器、接觸器、繼電器等元件。發現3個交流接觸器觸點磨損嚴重，測量接觸電阻偏大，影響設備壽命。決定更換新接觸器，使用施耐德LC1D80M7N，額定電流80A。更換接觸器並測試，線圈電壓220V，吸合正常，觸點接觸良好。檢查UPS後備電源，輸出電壓380V穩定，蓄電池電壓正常。測試控制系統各項功能，急停、超速保護、位置檢測等均正常。拍攝檢查照片7張。', 360),
(45, DATE_SUB(NOW(), INTERVAL 2 DAY), DATE_SUB(NOW(), INTERVAL 2 DAY), 22, 6, '大埔廣場照明負載調查', '今日進行大埔廣場照明負載調查。使用鉗形電流表測量各樓層照明回路電流。地下停車場照明負載18kW，地下商場28kW，地面商場35kW，辦公樓層22kW，合共103kW。記錄每日照明用電模式，營業時間08:00-22:00全開，其餘時間保持30%照明。計算年照明用電約36萬度。評估智能照明節能潛力，預計可節省40%電量即14.4萬度。分析各區域照明特點，制定智能控制策略。拍攝配電箱照片10張，記錄回路編號。', 300),
(46, DATE_SUB(NOW(), INTERVAL 1 DAY), DATE_SUB(NOW(), INTERVAL 1 DAY), 22, 5, '智能照明控制策略設計', '完成大埔廣場智能照明控制策略設計。方案分為4個控制區域：停車場採用移動感應控制，有車輛時100%照明，無車時30%照明；商場公共區域採用時間表+照度傳感控制，根據自然光自動調節；辦公區域採用人體感應控制，有人100%無人關閉；外牆景觀照明採用定時控制。系統採用Philips Dynalite智能控制平台，可遠程監控及調整。估算投資回報期2.8年。編製控制邏輯流程圖，客戶確認控制方案。', 240),
(47, NOW(), NOW(), 23, 8, '智能照明控制器開始安裝', '今日開始大埔廣場智能照明控制器安裝。在商場配電房安裝主控制器1套，包含主機、通訊模組、電源模組。安裝各樓層分控制器共20個，每個控制器安裝於配電箱內，控制該樓層照明回路。佈置CAT6A通訊線纜，連接各分控器至主控器，組成控制網絡。安裝照度傳感器15個，位於有自然光的區域。安裝移動感應器80個，覆蓋停車場及走廊區域。今日完成60%設備安裝，拍攝安裝照片12張。明日繼續接線及調試。', 480),
(48, DATE_SUB(NOW(), INTERVAL 15 DAY), DATE_SUB(NOW(), INTERVAL 15 DAY), 11, 4, '發電機維護項目客戶溝通', '今日與機場管理局工程部王永輝主管會面，討論發電機年度維護項目。客戶對我司維護服務表示滿意，今年維護工作順利完成，發電機運行穩定。討論明年維護合約續約事宜，客戶希望維持現有服務水平，價格可接受小幅調整。商討增加預防性維護頻次，由每年1次增至每半年1次，提高設備可靠性。討論2號發電機渦輪增壓器更換事宜，客戶同意增加費用。會議歷時2小時，拍攝會議照片3張。跟進準備報價單。', 120),
(49, DATE_SUB(NOW(), INTERVAL 5 DAY), DATE_SUB(NOW(), INTERVAL 5 DAY), 21, 9, '過山車緊急制動系統測試準備', '準備過山車緊急制動系統測試。與海洋公園運營部協調，測試時間為清晨07:00開園前。檢查制動系統液壓泵站，油壓18 MPa正常。檢查制動器氣動閥門動作靈活。測試緊急停止按鈕電氣回路，5個按鈕均能觸發緊急停車。準備測試設備包括壓力表、計時器、攝影機等。編製測試程序，包括正常制動、緊急制動、超速保護測試等項目。與遊樂設施註冊工程師確認測試計劃符合法規要求。', 180),
(50, DATE_SUB(NOW(), INTERVAL 4 DAY), DATE_SUB(NOW(), INTERVAL 4 DAY), 21, 8, '過山車緊急制動系統測試', '清晨進行過山車緊急制動系統測試。首先測試正常制動，列車進站速度8 m/s，制動距離25米，制動時間3.2秒，符合設計參數。測試緊急制動，模擬軌道異物檢測觸發急停，制動器立即動作，列車在18米內停止，制動力度較大但在安全範圍。測試超速保護，列車達到限速110%時自動觸發減速，功能正常。測試液壓系統洩漏保護，模擬壓力下降，系統自動啟動備用泵，壓力恢復正常。所有安全聯鎖功能測試通過。拍攝測試照片10張。', 240),
(51, DATE_SUB(NOW(), INTERVAL 10 DAY), DATE_SUB(NOW(), INTERVAL 10 DAY), 10, 5, '項目2進度協調會議', '召開將軍澳配電房項目進度協調會議。參加人員包括項目經理、工程師、客戶代表等。匯報工程進度：土建改造完成80%，設備安裝準備就緒，預計下週開始高壓設備安裝。討論停電配合事宜，中電確認11月8日停電時段。客戶關注工程質量，要求嚴格按照設計施工，所有焊接需持證焊工操作。討論變壓器進場時間，需大型吊機配合。會議確定下週工作重點及人員安排。記錄會議紀要，拍攝會議照片4張。', 120),
(52, DATE_SUB(NOW(), INTERVAL 8 DAY), DATE_SUB(NOW(), INTERVAL 8 DAY), 17, 6, '客戶對中環站照明項目反饋', '港鐵公司鄧麗珍工程師來電反饋中環站照明改造項目。客戶對工程質量表示滿意，新LED照明亮度適中，光色舒適，乘客反應良好。照明系統運行穩定，未發生故障。智能調光功能實用，可根據人流調節亮度，節能效果明顯。客戶詢問其他車站照明改造可能性，有意向將項目擴展至其他線路。建議準備其他車站勘察方案。客戶要求提供項目總結報告及節能數據分析。記錄客戶意見，準備跟進工作。', 60),
(53, DATE_SUB(NOW(), INTERVAL 6 DAY), DATE_SUB(NOW(), INTERVAL 6 DAY), 26, 8, '機場配電櫃安裝準備', '準備機場客運廊配電櫃安裝工作。5台低壓配電櫃已運抵現場，進行開箱檢查。配電櫃為施耐德Prisma Plus系列，額定電流630A，每台櫃8個出線回路。檢查櫃體無運輸損傷，內部元件完好。測試斷路器、接觸器等元件機械動作正常。核對配電櫃電氣原理圖與設計圖紙一致。準備櫃體基礎，混凝土基礎已完成養護，強度達到設計要求。規劃配電櫃就位路線及吊裝方案。預計明日進行配電櫃吊裝就位。', 240),
(54, NOW(), NOW(), 26, 9, '配電櫃安裝及接線', '今日進行配電櫃安裝接線工作。使用叉車將5台配電櫃搬運至安裝位置，調整水平度後用地腳螺栓固定。連接配電櫃間母線排，使用95mm²銅排，連接處塗導電膏確保接觸良好。測試母線接觸電阻＜30微歐姆。進線電纜從主配電房引來的3條240mm²電纜接至1號櫃主開關。各出線回路連接至現場負載，包括照明、插座、空調等。完成3台配電櫃接線，剩餘2台明日完成。拍攝接線照片8張。', 480),
(55, DATE_SUB(NOW(), INTERVAL 12 DAY), DATE_SUB(NOW(), INTERVAL 12 DAY), 27, 6, '荃灣站項目總結會議', '召開荃灣站緊急照明項目總結會議。回顧項目執行過程，從設計、採購、施工到驗收歷時45天，按時完成。總結經驗：夜間施工協調順暢，港鐵配合度高；材料準備充分，未出現缺料情況；消防驗收一次通過，文件準備完善。分析不足：部分燈具位置與圖紙偏差需現場調整；施工效率初期較低，後期明顯提升。客戶滿意度調查得分95分。編寫項目總結報告，存檔項目資料。為後續港鐵項目積累經驗。', 150),
(56, DATE_SUB(NOW(), INTERVAL 3 DAY), DATE_SUB(NOW(), INTERVAL 3 DAY), 20, 5, '海洋公園年度維護合約商討', '與海洋公園設施部經理吳詩敏商討明年度維護合約。回顧今年過山車供電系統維護工作，客戶對服務品質認可。討論明年維護範圍，除現有過山車外，客戶希望增加其他遊樂設施電力系統維護，包括摩天輪、海盜船等。討論維護頻次，建議季度檢查+年度大保養模式。商討合約金額，初步預算年度維護費HK$650,000。客戶要求提供詳細維護計劃及報價。會議氣氛融洽，為續約打下良好基礎。拍攝會議照片2張。', 90),
(57, NOW(), NOW(), 6, 7, 'UPS系統調試最後準備', '準備UPS系統最後調試工作。檢查所有安裝工作已完成，2台UPS主機及12組電池櫃全部就位並接線完畢。檢查控制電纜連接，並聯控制訊號線路正確。檢查監控系統網絡連接，可與中央監控室通訊。編製調試程序，包括單機測試、並聯測試、切換測試等。準備測試負載，使用現場空調系統作為測試負載約50kW。與客戶確認調試時間為明日上午，安排工程師及技術人員到場。準備調試記錄表格及測試儀器。', 180),
(58, DATE_SUB(NOW(), INTERVAL 20 DAY), DATE_SUB(NOW(), INTERVAL 20 DAY), 3, 13, 'UPS設備倉儲及防護', 'UPS設備到貨後暫存公司倉庫等待運送現場。安排設備存放位置，倉庫內乾燥區域，避免陽光直射及雨水。設備使用原包裝木箱保護，加蓋防塵布。定期檢查設備狀態，確認無受潮或損壞。記錄設備序號及存放位置，建立設備台帳。聯絡吊機公司預約下週一吊運時間，確認吊機噸位足夠。通知大廈管理處吊運安排，申請臨時停車位供吊機停放。檢查搬運路徑暢通，電梯可用。', 90),
(59, DATE_SUB(NOW(), INTERVAL 14 DAY), DATE_SUB(NOW(), INTERVAL 14 DAY), 14, 14, '發電機測試質量監督', '作為質量監督人員，監督4號發電機負載測試全過程。檢查測試前準備工作，確認測試程序經批准，測試設備已校準。監督測試執行，觀察工程師操作規範，數據記錄完整。檢查安全措施，測試區域設置警戒線，無關人員不得進入。測試過程中抽查關鍵參數，與工程師記錄數據核對一致。測試後檢查設備狀態，無異常。審核測試報告，數據真實可靠，結論正確。測試符合質量要求，簽署測試報告。拍攝監督照片4張。', 180),
(60, NOW(), NOW(), 30, 8, '青衣變電站絕緣測試準備', '準備青衣變電站絕緣測試工作。確認變電站已停電，所有設備掛接地線。準備絕緣測試儀器，Megger絕緣測試儀測試電壓5000V，用於高壓設備測試。準備變壓器油樣化驗所需工具，包括取樣瓶、注射器等。檢查測試接線，確保安全可靠。編製測試記錄表格，包含測試項目、標準值、實測值等欄位。與中電協調，確認停電時段充足完成所有測試。安排3名工程師分工負責不同設備測試。預計測試工作需時2天完成。', 240);

-- 插入90個照片記錄
INSERT INTO photos (id, created_at, record_id) VALUES
(1, DATE_SUB(NOW(), INTERVAL 15 DAY), 1),
(2, DATE_SUB(NOW(), INTERVAL 15 DAY), 1),
(3, DATE_SUB(NOW(), INTERVAL 15 DAY), 1),
(4, DATE_SUB(NOW(), INTERVAL 15 DAY), 1),
(5, DATE_SUB(NOW(), INTERVAL 15 DAY), 1),
(6, DATE_SUB(NOW(), INTERVAL 11 DAY), 3),
(7, DATE_SUB(NOW(), INTERVAL 11 DAY), 3),
(8, DATE_SUB(NOW(), INTERVAL 11 DAY), 3),
(9, DATE_SUB(NOW(), INTERVAL 5 DAY), 7),
(10, DATE_SUB(NOW(), INTERVAL 5 DAY), 7),
(11, DATE_SUB(NOW(), INTERVAL 5 DAY), 7),
(12, DATE_SUB(NOW(), INTERVAL 5 DAY), 7),
(13, DATE_SUB(NOW(), INTERVAL 5 DAY), 7),
(14, DATE_SUB(NOW(), INTERVAL 5 DAY), 7),
(15, DATE_SUB(NOW(), INTERVAL 3 DAY), 9),
(16, DATE_SUB(NOW(), INTERVAL 3 DAY), 9),
(17, DATE_SUB(NOW(), INTERVAL 3 DAY), 9),
(18, DATE_SUB(NOW(), INTERVAL 2 DAY), 10),
(19, DATE_SUB(NOW(), INTERVAL 2 DAY), 10),
(20, DATE_SUB(NOW(), INTERVAL 2 DAY), 10),
(21, DATE_SUB(NOW(), INTERVAL 2 DAY), 10),
(22, DATE_SUB(NOW(), INTERVAL 2 DAY), 10),
(23, DATE_SUB(NOW(), INTERVAL 1 DAY), 11),
(24, DATE_SUB(NOW(), INTERVAL 1 DAY), 11),
(25, DATE_SUB(NOW(), INTERVAL 1 DAY), 11),
(26, DATE_SUB(NOW(), INTERVAL 1 DAY), 11),
(27, NOW(), 12),
(28, NOW(), 12),
(29, NOW(), 12),
(30, DATE_SUB(NOW(), INTERVAL 5 DAY), 15),
(31, DATE_SUB(NOW(), INTERVAL 5 DAY), 15),
(32, DATE_SUB(NOW(), INTERVAL 5 DAY), 15),
(33, DATE_SUB(NOW(), INTERVAL 4 DAY), 16),
(34, DATE_SUB(NOW(), INTERVAL 4 DAY), 16),
(35, DATE_SUB(NOW(), INTERVAL 4 DAY), 16),
(36, DATE_SUB(NOW(), INTERVAL 4 DAY), 16),
(37, DATE_SUB(NOW(), INTERVAL 20 DAY), 18),
(38, DATE_SUB(NOW(), INTERVAL 20 DAY), 18),
(39, DATE_SUB(NOW(), INTERVAL 20 DAY), 18),
(40, DATE_SUB(NOW(), INTERVAL 20 DAY), 18),
(41, DATE_SUB(NOW(), INTERVAL 19 DAY), 19),
(42, DATE_SUB(NOW(), INTERVAL 19 DAY), 19),
(43, DATE_SUB(NOW(), INTERVAL 16 DAY), 21),
(44, DATE_SUB(NOW(), INTERVAL 16 DAY), 21),
(45, DATE_SUB(NOW(), INTERVAL 13 DAY), 23),
(46, DATE_SUB(NOW(), INTERVAL 13 DAY), 23),
(47, DATE_SUB(NOW(), INTERVAL 13 DAY), 23),
(48, DATE_SUB(NOW(), INTERVAL 13 DAY), 23),
(49, DATE_SUB(NOW(), INTERVAL 10 DAY), 24),
(50, DATE_SUB(NOW(), INTERVAL 10 DAY), 24),
(51, DATE_SUB(NOW(), INTERVAL 10 DAY), 24),
(52, DATE_SUB(NOW(), INTERVAL 10 DAY), 24),
(53, DATE_SUB(NOW(), INTERVAL 8 DAY), 25),
(54, DATE_SUB(NOW(), INTERVAL 8 DAY), 25),
(55, DATE_SUB(NOW(), INTERVAL 8 DAY), 25),
(56, DATE_SUB(NOW(), INTERVAL 7 DAY), 26),
(57, DATE_SUB(NOW(), INTERVAL 7 DAY), 26),
(58, DATE_SUB(NOW(), INTERVAL 7 DAY), 26),
(59, DATE_SUB(NOW(), INTERVAL 7 DAY), 26),
(60, DATE_SUB(NOW(), INTERVAL 5 DAY), 27),
(61, DATE_SUB(NOW(), INTERVAL 5 DAY), 27),
(62, DATE_SUB(NOW(), INTERVAL 5 DAY), 27),
(63, DATE_SUB(NOW(), INTERVAL 4 DAY), 28);

-- 插入考勤類型
INSERT INTO attendance_types (id, name, color) VALUES
(1, '上班打卡', 'emerald'),
(2, '下班打卡', 'sky'),
(3, '加班', 'amber'),
(4, '培訓', 'violet'),
(5, '其他', 'slate');

-- 插入用戶考勤狀態
INSERT INTO user_attendance_statuses (id, name, color) VALUES
(1, '未打卡', 'yellow'),
(2, '已打卡', 'green'),
(3, '已請假', 'blue');

-- 插入20個考勤要求（最近30天內的各種打卡場景）
INSERT INTO attendances (id, created_at, updated_at, name, location, type_id, start_time, end_time, free) VALUES
-- 日常上下班打卡（最近一週）
(1, NOW() - INTERVAL 1 DAY, NOW() - INTERVAL 1 DAY, '總部早班打卡', '觀塘辦公室，開源道60號駱駝漆大廈3座8樓', 1, NOW() - INTERVAL 1 DAY + INTERVAL 9 HOUR, NOW() - INTERVAL 1 DAY + INTERVAL 10 HOUR, true),
(2, NOW() - INTERVAL 1 DAY, NOW() - INTERVAL 1 DAY, '總部晚班打卡', '觀塘辦公室，開源道60號駱駝漆大廈3座8樓', 2, NOW() - INTERVAL 1 DAY + INTERVAL 18 HOUR, NOW() - INTERVAL 1 DAY + INTERVAL 19 HOUR, true),
(3, NOW() - INTERVAL 2 DAY, NOW() - INTERVAL 2 DAY, '總部早班打卡', '觀塘辦公室，開源道60號駱駝漆大廈3座8樓', 1, NOW() - INTERVAL 2 DAY + INTERVAL 9 HOUR, NOW() - INTERVAL 2 DAY + INTERVAL 10 HOUR, true),
(4, NOW() - INTERVAL 2 DAY, NOW() - INTERVAL 2 DAY, '總部晚班打卡', '觀塘辦公室，開源道60號駱駝漆大廈3座8樓', 2, NOW() - INTERVAL 2 DAY + INTERVAL 18 HOUR, NOW() - INTERVAL 2 DAY + INTERVAL 19 HOUR, true),
(5, NOW() - INTERVAL 3 DAY, NOW() - INTERVAL 3 DAY, '總部早班打卡', '觀塘辦公室，開源道60號駱駝漆大廈3座8樓', 1, NOW() - INTERVAL 3 DAY + INTERVAL 9 HOUR, NOW() - INTERVAL 3 DAY + INTERVAL 10 HOUR, true),
(6, NOW() - INTERVAL 3 DAY, NOW() - INTERVAL 3 DAY, '總部晚班打卡', '觀塘辦公室，開源道60號駱駝漆大廈3座8樓', 2, NOW() - INTERVAL 3 DAY + INTERVAL 18 HOUR, NOW() - INTERVAL 3 DAY + INTERVAL 19 HOUR, true),

-- 項目現場打卡
(7, NOW() - INTERVAL 5 DAY, NOW() - INTERVAL 5 DAY, '中華電力荃灣變電站項目打卡', '荃灣楊屋道168號中華電力荃灣變電站', 1, NOW() - INTERVAL 5 DAY + INTERVAL 8 HOUR, NOW() - INTERVAL 5 DAY + INTERVAL 9 HOUR, true),
(8, NOW() - INTERVAL 5 DAY, NOW() - INTERVAL 5 DAY, '新鴻基廣場翻新工程打卡', '中環德輔道中30-32號新鴻基中心', 1, NOW() - INTERVAL 5 DAY + INTERVAL 8 HOUR + INTERVAL 30 MINUTE, NOW() - INTERVAL 5 DAY + INTERVAL 9 HOUR + INTERVAL 30 MINUTE, true),
(9, NOW() - INTERVAL 4 DAY, NOW() - INTERVAL 4 DAY, '太古城電力系統升級項目', '鰂魚涌太古城道18號太古城中心', 1, NOW() - INTERVAL 4 DAY + INTERVAL 8 HOUR, NOW() - INTERVAL 4 DAY + INTERVAL 9 HOUR, true),
(10, NOW() - INTERVAL 4 DAY, NOW() - INTERVAL 4 DAY, '黃埔花園配電房維護', '紅磡德豐街21號黃埔花園配電房', 2, NOW() - INTERVAL 4 DAY + INTERVAL 17 HOUR, NOW() - INTERVAL 4 DAY + INTERVAL 18 HOUR, true),

-- 加班打卡
(11, NOW() - INTERVAL 6 DAY, NOW() - INTERVAL 6 DAY, '月底結算加班', '觀塘辦公室，開源道60號駱駝漆大廈3座8樓', 3, NOW() - INTERVAL 6 DAY + INTERVAL 19 HOUR, NOW() - INTERVAL 6 DAY + INTERVAL 22 HOUR, true),
(12, NOW() - INTERVAL 3 DAY, NOW() - INTERVAL 3 DAY, '項目趕工加班', '中環德輔道中30-32號新鴻基中心工地', 3, NOW() - INTERVAL 3 DAY + INTERVAL 20 HOUR, NOW() - INTERVAL 3 DAY + INTERVAL 23 HOUR, true),
(13, NOW() - INTERVAL 1 DAY, NOW() - INTERVAL 1 DAY, '緊急維修加班', '荃灣楊屋道168號中華電力荃灣變電站', 3, NOW() - INTERVAL 1 DAY + INTERVAL 21 HOUR, NOW() - INTERVAL 1 DAY + INTERVAL 24 HOUR, true),

-- 培訓活動
(14, NOW() - INTERVAL 7 DAY, NOW() - INTERVAL 7 DAY, '電業條例更新培訓', '九龍灣國際展貿中心會議室A', 4, NOW() - INTERVAL 7 DAY + INTERVAL 14 HOUR, NOW() - INTERVAL 7 DAY + INTERVAL 17 HOUR, true),
(15, NOW() - INTERVAL 10 DAY, NOW() - INTERVAL 10 DAY, '高壓電力設備安全培訓', '觀塘辦公室培訓室', 4, NOW() - INTERVAL 10 DAY + INTERVAL 9 HOUR, NOW() - INTERVAL 10 DAY + INTERVAL 13 HOUR, true),
(16, NOW() - INTERVAL 14 DAY, NOW() - INTERVAL 14 DAY, 'ISO 9001質量管理系統培訓', '觀塘辦公室會議室', 4, NOW() - INTERVAL 14 DAY + INTERVAL 14 HOUR, NOW() - INTERVAL 14 DAY + INTERVAL 17 HOUR, true),

-- 特殊活動
(17, NOW() - INTERVAL 8 DAY, NOW() - INTERVAL 8 DAY, '季度安全檢查', '各項目工地巡查', 5, NOW() - INTERVAL 8 DAY + INTERVAL 9 HOUR, NOW() - INTERVAL 8 DAY + INTERVAL 17 HOUR, true),
(18, NOW() - INTERVAL 12 DAY, NOW() - INTERVAL 12 DAY, '客戶年度回顧會議', '中環四季酒店會議室', 5, NOW() - INTERVAL 12 DAY + INTERVAL 10 HOUR, NOW() - INTERVAL 12 DAY + INTERVAL 15 HOUR, true),
(19, NOW() - INTERVAL 15 DAY, NOW() - INTERVAL 15 DAY, '供應商季度審核', '觀塘辦公室會議室', 5, NOW() - INTERVAL 15 DAY + INTERVAL 10 HOUR, NOW() - INTERVAL 15 DAY + INTERVAL 12 HOUR, true),
(20, NOW() - INTERVAL 20 DAY, NOW() - INTERVAL 20 DAY, '公司週年晚宴', '尖沙咀洲際酒店宴會廳', 5, NOW() - INTERVAL 20 DAY + INTERVAL 19 HOUR, NOW() - INTERVAL 20 DAY + INTERVAL 23 HOUR, true);

-- 插入100個用戶打卡記錄（涵蓋所有15位員工的不同場景）
INSERT INTO user_attendances (user_id, attendance_id, time, status_id) VALUES
-- 考勤1：總部早班打卡（昨天）
(1, 1, NOW() - INTERVAL 1 DAY + INTERVAL 9 HOUR + INTERVAL 5 MINUTE, 2),
(2, 1, NOW() - INTERVAL 1 DAY + INTERVAL 8 HOUR + INTERVAL 55 MINUTE, 2),
(3, 1, NOW() - INTERVAL 1 DAY + INTERVAL 9 HOUR + INTERVAL 2 MINUTE, 2),
(4, 1, NOW() - INTERVAL 1 DAY + INTERVAL 9 HOUR + INTERVAL 15 MINUTE, 2),
(5, 1, NOW() - INTERVAL 1 DAY + INTERVAL 8 HOUR + INTERVAL 50 MINUTE, 2),
(11, 1, NULL, 1),
(12, 1, NOW() - INTERVAL 1 DAY + INTERVAL 9 HOUR + INTERVAL 3 MINUTE, 2),

-- 考勤2：總部晚班打卡（昨天）
(1, 2, NOW() - INTERVAL 1 DAY + INTERVAL 18 HOUR + INTERVAL 10 MINUTE, 2),
(2, 2, NOW() - INTERVAL 1 DAY + INTERVAL 18 HOUR + INTERVAL 5 MINUTE, 2),
(3, 2, NOW() - INTERVAL 1 DAY + INTERVAL 18 HOUR + INTERVAL 2 MINUTE, 2),
(4, 2, NOW() - INTERVAL 1 DAY + INTERVAL 18 HOUR + INTERVAL 20 MINUTE, 2),
(5, 2, NOW() - INTERVAL 1 DAY + INTERVAL 18 HOUR + INTERVAL 15 MINUTE, 2),
(11, 2, NOW() - INTERVAL 1 DAY + INTERVAL 18 HOUR + INTERVAL 8 MINUTE, 2),
(12, 2, NULL, 1),

-- 考勤3：總部早班打卡（2天前）
(1, 3, NOW() - INTERVAL 2 DAY + INTERVAL 9 HOUR + INTERVAL 3 MINUTE, 2),
(2, 3, NOW() - INTERVAL 2 DAY + INTERVAL 9 HOUR + INTERVAL 1 MINUTE, 2),
(3, 3, NOW() - INTERVAL 2 DAY + INTERVAL 9 HOUR + INTERVAL 7 MINUTE, 2),
(6, 3, NULL, 3),
(10, 3, NOW() - INTERVAL 2 DAY + INTERVAL 8 HOUR + INTERVAL 58 MINUTE, 2),
(13, 3, NOW() - INTERVAL 2 DAY + INTERVAL 9 HOUR + INTERVAL 2 MINUTE, 2),
(14, 3, NOW() - INTERVAL 2 DAY + INTERVAL 9 HOUR + INTERVAL 4 MINUTE, 2),

-- 考勤4：總部晚班打卡（2天前）
(1, 4, NOW() - INTERVAL 2 DAY + INTERVAL 18 HOUR + INTERVAL 5 MINUTE, 2),
(2, 4, NOW() - INTERVAL 2 DAY + INTERVAL 18 HOUR + INTERVAL 8 MINUTE, 2),
(3, 4, NOW() - INTERVAL 2 DAY + INTERVAL 18 HOUR + INTERVAL 3 MINUTE, 2),
(6, 4, NOW() - INTERVAL 2 DAY + INTERVAL 18 HOUR + INTERVAL 10 MINUTE, 2),
(10, 4, NOW() - INTERVAL 2 DAY + INTERVAL 18 HOUR + INTERVAL 6 MINUTE, 2),
(13, 4, NOW() - INTERVAL 2 DAY + INTERVAL 18 HOUR + INTERVAL 4 MINUTE, 2),
(14, 4, NULL, 3),

-- 考勤5：總部早班打卡（3天前）
(1, 5, NOW() - INTERVAL 3 DAY + INTERVAL 9 HOUR + INTERVAL 6 MINUTE, 2),
(2, 5, NOW() - INTERVAL 3 DAY + INTERVAL 9 HOUR + INTERVAL 4 MINUTE, 2),
(4, 5, NOW() - INTERVAL 3 DAY + INTERVAL 9 HOUR + INTERVAL 10 MINUTE, 2),
(5, 5, NOW() - INTERVAL 3 DAY + INTERVAL 8 HOUR + INTERVAL 52 MINUTE, 2),
(6, 5, NOW() - INTERVAL 3 DAY + INTERVAL 9 HOUR + INTERVAL 3 MINUTE, 2),
(11, 5, NOW() - INTERVAL 3 DAY + INTERVAL 9 HOUR + INTERVAL 5 MINUTE, 2),
(15, 5, NOW() - INTERVAL 3 DAY + INTERVAL 9 HOUR + INTERVAL 2 MINUTE, 2),

-- 考勤6：總部晚班打卡（3天前）
(1, 6, NOW() - INTERVAL 3 DAY + INTERVAL 18 HOUR + INTERVAL 12 MINUTE, 2),
(2, 6, NOW() - INTERVAL 3 DAY + INTERVAL 18 HOUR + INTERVAL 6 MINUTE, 2),
(4, 6, NULL, 3),
(5, 6, NOW() - INTERVAL 3 DAY + INTERVAL 18 HOUR + INTERVAL 8 MINUTE, 2),
(6, 6, NOW() - INTERVAL 3 DAY + INTERVAL 18 HOUR + INTERVAL 5 MINUTE, 2),
(11, 6, NOW() - INTERVAL 3 DAY + INTERVAL 18 HOUR + INTERVAL 10 MINUTE, 2),
(15, 6, NOW() - INTERVAL 3 DAY + INTERVAL 18 HOUR + INTERVAL 7 MINUTE, 2),

-- 考勤7：中華電力荃灣變電站項目打卡（5天前）
(7, 7, NOW() - INTERVAL 5 DAY + INTERVAL 8 HOUR + INTERVAL 15 MINUTE, 2),
(8, 7, NOW() - INTERVAL 5 DAY + INTERVAL 8 HOUR + INTERVAL 10 MINUTE, 2),
(9, 7, NOW() - INTERVAL 5 DAY + INTERVAL 8 HOUR + INTERVAL 20 MINUTE, 2),
(14, 7, NOW() - INTERVAL 5 DAY + INTERVAL 8 HOUR + INTERVAL 25 MINUTE, 2),
(15, 7, NOW() - INTERVAL 5 DAY + INTERVAL 8 HOUR + INTERVAL 18 MINUTE, 2),

-- 考勤8：新鴻基廣場翻新工程打卡（5天前）
(5, 8, NOW() - INTERVAL 5 DAY + INTERVAL 8 HOUR + INTERVAL 35 MINUTE, 2),
(8, 8, NOW() - INTERVAL 5 DAY + INTERVAL 8 HOUR + INTERVAL 32 MINUTE, 2),
(9, 8, NOW() - INTERVAL 5 DAY + INTERVAL 8 HOUR + INTERVAL 40 MINUTE, 2),

-- 考勤9：太古城電力系統升級項目（4天前）
(7, 9, NOW() - INTERVAL 4 DAY + INTERVAL 8 HOUR + INTERVAL 5 MINUTE, 2),
(8, 9, NULL, 1),
(9, 9, NOW() - INTERVAL 4 DAY + INTERVAL 8 HOUR + INTERVAL 12 MINUTE, 2),
(10, 9, NOW() - INTERVAL 4 DAY + INTERVAL 8 HOUR + INTERVAL 15 MINUTE, 2),
(15, 9, NOW() - INTERVAL 4 DAY + INTERVAL 8 HOUR + INTERVAL 10 MINUTE, 2),

-- 考勤10：黃埔花園配電房維護（4天前）
(8, 10, NOW() - INTERVAL 4 DAY + INTERVAL 17 HOUR + INTERVAL 5 MINUTE, 2),
(9, 10, NOW() - INTERVAL 4 DAY + INTERVAL 17 HOUR + INTERVAL 8 MINUTE, 2),
(15, 10, NOW() - INTERVAL 4 DAY + INTERVAL 17 HOUR + INTERVAL 3 MINUTE, 2),

-- 考勤11：月底結算加班（6天前）
(1, 11, NOW() - INTERVAL 6 DAY + INTERVAL 19 HOUR + INTERVAL 10 MINUTE, 2),
(2, 11, NOW() - INTERVAL 6 DAY + INTERVAL 19 HOUR + INTERVAL 5 MINUTE, 2),
(3, 11, NOW() - INTERVAL 6 DAY + INTERVAL 19 HOUR + INTERVAL 8 MINUTE, 2),

-- 考勤12：項目趕工加班（3天前）
(7, 12, NOW() - INTERVAL 3 DAY + INTERVAL 20 HOUR + INTERVAL 5 MINUTE, 2),
(8, 12, NOW() - INTERVAL 3 DAY + INTERVAL 20 HOUR + INTERVAL 3 MINUTE, 2),
(9, 12, NOW() - INTERVAL 3 DAY + INTERVAL 20 HOUR + INTERVAL 10 MINUTE, 2),

-- 考勤13：緊急維修加班（昨天）
(7, 13, NOW() - INTERVAL 1 DAY + INTERVAL 21 HOUR + INTERVAL 5 MINUTE, 2),
(8, 13, NOW() - INTERVAL 1 DAY + INTERVAL 21 HOUR + INTERVAL 8 MINUTE, 2),

-- 考勤14：電業條例更新培訓（7天前）
(7, 14, NOW() - INTERVAL 7 DAY + INTERVAL 14 HOUR + INTERVAL 5 MINUTE, 2),
(8, 14, NOW() - INTERVAL 7 DAY + INTERVAL 14 HOUR + INTERVAL 8 MINUTE, 2),
(9, 14, NOW() - INTERVAL 7 DAY + INTERVAL 14 HOUR + INTERVAL 3 MINUTE, 2),
(14, 14, NOW() - INTERVAL 7 DAY + INTERVAL 14 HOUR + INTERVAL 10 MINUTE, 2),
(15, 14, NOW() - INTERVAL 7 DAY + INTERVAL 14 HOUR + INTERVAL 6 MINUTE, 2),

-- 考勤15：高壓電力設備安全培訓（10天前）
(7, 15, NOW() - INTERVAL 10 DAY + INTERVAL 9 HOUR + INTERVAL 5 MINUTE, 2),
(8, 15, NOW() - INTERVAL 10 DAY + INTERVAL 9 HOUR + INTERVAL 8 MINUTE, 2),
(9, 15, NOW() - INTERVAL 10 DAY + INTERVAL 9 HOUR + INTERVAL 3 MINUTE, 2),
(10, 15, NOW() - INTERVAL 10 DAY + INTERVAL 9 HOUR + INTERVAL 10 MINUTE, 2),
(14, 15, NOW() - INTERVAL 10 DAY + INTERVAL 9 HOUR + INTERVAL 6 MINUTE, 2),
(15, 15, NOW() - INTERVAL 10 DAY + INTERVAL 9 HOUR + INTERVAL 7 MINUTE, 2),

-- 考勤16：ISO 9001質量管理系統培訓（14天前）
(1, 16, NOW() - INTERVAL 14 DAY + INTERVAL 14 HOUR + INTERVAL 5 MINUTE, 2),
(7, 16, NOW() - INTERVAL 14 DAY + INTERVAL 14 HOUR + INTERVAL 8 MINUTE, 2),
(11, 16, NOW() - INTERVAL 14 DAY + INTERVAL 14 HOUR + INTERVAL 3 MINUTE, 2),
(14, 16, NOW() - INTERVAL 14 DAY + INTERVAL 14 HOUR + INTERVAL 10 MINUTE, 2),
(15, 16, NOW() - INTERVAL 14 DAY + INTERVAL 14 HOUR + INTERVAL 6 MINUTE, 2),

-- 考勤17：季度安全檢查（8天前）
(7, 17, NOW() - INTERVAL 8 DAY + INTERVAL 9 HOUR + INTERVAL 10 MINUTE, 2),
(8, 17, NOW() - INTERVAL 8 DAY + INTERVAL 9 HOUR + INTERVAL 15 MINUTE, 2),
(9, 17, NOW() - INTERVAL 8 DAY + INTERVAL 9 HOUR + INTERVAL 12 MINUTE, 2),
(14, 17, NOW() - INTERVAL 8 DAY + INTERVAL 9 HOUR + INTERVAL 5 MINUTE, 2),
(15, 17, NOW() - INTERVAL 8 DAY + INTERVAL 9 HOUR + INTERVAL 8 MINUTE, 2),

-- 考勤18：客戶年度回顧會議（12天前）
(1, 18, NOW() - INTERVAL 12 DAY + INTERVAL 10 HOUR + INTERVAL 5 MINUTE, 2),
(4, 18, NOW() - INTERVAL 12 DAY + INTERVAL 10 HOUR + INTERVAL 3 MINUTE, 2),
(5, 18, NOW() - INTERVAL 12 DAY + INTERVAL 10 HOUR + INTERVAL 8 MINUTE, 2),
(7, 18, NOW() - INTERVAL 12 DAY + INTERVAL 10 HOUR + INTERVAL 10 MINUTE, 2),

-- 考勤19：供應商季度審核（15天前）
(1, 19, NOW() - INTERVAL 15 DAY + INTERVAL 10 HOUR + INTERVAL 5 MINUTE, 2),
(11, 19, NOW() - INTERVAL 15 DAY + INTERVAL 10 HOUR + INTERVAL 3 MINUTE, 2),
(12, 19, NOW() - INTERVAL 15 DAY + INTERVAL 10 HOUR + INTERVAL 8 MINUTE, 2),
(14, 19, NOW() - INTERVAL 15 DAY + INTERVAL 10 HOUR + INTERVAL 6 MINUTE, 2),

-- 考勤20：公司週年晚宴（20天前）- 全員參加
(1, 20, NOW() - INTERVAL 20 DAY + INTERVAL 19 HOUR + INTERVAL 10 MINUTE, 2),
(2, 20, NOW() - INTERVAL 20 DAY + INTERVAL 19 HOUR + INTERVAL 15 MINUTE, 2),
(3, 20, NOW() - INTERVAL 20 DAY + INTERVAL 19 HOUR + INTERVAL 5 MINUTE, 2),
(4, 20, NOW() - INTERVAL 20 DAY + INTERVAL 19 HOUR + INTERVAL 8 MINUTE, 2),
(5, 20, NOW() - INTERVAL 20 DAY + INTERVAL 19 HOUR + INTERVAL 12 MINUTE, 2),
(6, 20, NOW() - INTERVAL 20 DAY + INTERVAL 19 HOUR + INTERVAL 20 MINUTE, 2),
(7, 20, NOW() - INTERVAL 20 DAY + INTERVAL 19 HOUR + INTERVAL 3 MINUTE, 2),
(8, 20, NOW() - INTERVAL 20 DAY + INTERVAL 19 HOUR + INTERVAL 18 MINUTE, 2),
(9, 20, NOW() - INTERVAL 20 DAY + INTERVAL 19 HOUR + INTERVAL 7 MINUTE, 2),
(10, 20, NOW() - INTERVAL 20 DAY + INTERVAL 19 HOUR + INTERVAL 22 MINUTE, 2),
(11, 20, NOW() - INTERVAL 20 DAY + INTERVAL 19 HOUR + INTERVAL 6 MINUTE, 2),
(12, 20, NULL, 3),
(13, 20, NOW() - INTERVAL 20 DAY + INTERVAL 19 HOUR + INTERVAL 25 MINUTE, 2),
(14, 20, NOW() - INTERVAL 20 DAY + INTERVAL 19 HOUR + INTERVAL 9 MINUTE, 2),
(15, 20, NOW() - INTERVAL 20 DAY + INTERVAL 19 HOUR + INTERVAL 11 MINUTE, 2);

-- 插入個人檔案類型
INSERT INTO profile_types (id, name, color) VALUES
(1, '身份證明', 'blue'),
(2, '學歷證書', 'violet'),
(3, '專業資格', 'emerald'),
(4, '工作證明', 'cyan'),
(5, '培訓證書', 'amber'),
(6, '健康證明', 'pink'),
(7, '其他文件', 'slate');

-- 插入50個個人檔案記錄
INSERT INTO profiles (id, created_at, updated_at, name, type_id, user_id, profile, filename) VALUES
-- 陳志偉 (user_id: 1) - 財務總監
(1, NOW() - INTERVAL 180 DAY, NOW() - INTERVAL 180 DAY, '香港身份證', 1, 1, '有效期至2030年12月，已核實正本', 'hkid_chan_chiwai_front.pdf'),
(2, NOW() - INTERVAL 180 DAY, NOW() - INTERVAL 180 DAY, '會計學學士學位證書', 2, 1, '香港理工大學會計系，1995年畢業，一級榮譽', 'degree_chan_polyu_accounting.pdf'),
(3, NOW() - INTERVAL 180 DAY, NOW() - INTERVAL 180 DAY, '香港會計師公會會員證書', 3, 1, 'HKICPA會員編號：A12345，2000年取得資格', 'hkicpa_cert_chan.pdf'),
(4, NOW() - INTERVAL 90 DAY, NOW() - INTERVAL 90 DAY, '年度健康檢查報告', 6, 1, '2024年度體檢，各項指標正常，適合繼續工作', 'health_check_2024_chan.pdf'),

-- 李美芬 (user_id: 2) - 財務主管
(5, NOW() - INTERVAL 150 DAY, NOW() - INTERVAL 150 DAY, '香港身份證', 1, 2, '有效期至2028年6月，已核實正本', 'hkid_lee_meifen.pdf'),
(6, NOW() - INTERVAL 150 DAY, NOW() - INTERVAL 150 DAY, '工商管理高級文憑', 2, 2, '香港專業教育學院，2005年畢業，優異成績', 'diploma_lee_ive.pdf'),
(7, NOW() - INTERVAL 120 DAY, NOW() - INTERVAL 120 DAY, 'LCCI會計證書（第三級）', 3, 2, '倫敦工商會考試局頒發，2008年取得', 'lcci_cert_lee.pdf'),
(8, NOW() - INTERVAL 60 DAY, NOW() - INTERVAL 60 DAY, 'QuickBooks專業認證', 5, 2, '2024年完成培訓並通過考試', 'quickbooks_cert_lee.pdf'),

-- 黃建華 (user_id: 3) - 會計文員
(9, NOW() - INTERVAL 100 DAY, NOW() - INTERVAL 100 DAY, '香港身份證', 1, 3, '有效期至2032年3月，已核實正本', 'hkid_wong_kinwa.pdf'),
(10, NOW() - INTERVAL 100 DAY, NOW() - INTERVAL 100 DAY, '會計文憑課程證書', 2, 3, '香港商業專科學校，2020年完成', 'diploma_wong_hksc.pdf'),
(11, NOW() - INTERVAL 45 DAY, NOW() - INTERVAL 45 DAY, 'Excel進階應用培訓證書', 5, 3, '包括數據透視表、VBA宏編程等進階技能', 'excel_cert_wong.pdf'),

-- 張國榮 (user_id: 4) - 客戶服務總監
(12, NOW() - INTERVAL 200 DAY, NOW() - INTERVAL 200 DAY, '香港身份證', 1, 4, '有效期至2029年9月，已核實正本', 'hkid_cheung_kwokwing.pdf'),
(13, NOW() - INTERVAL 200 DAY, NOW() - INTERVAL 200 DAY, '市場學學士學位證書', 2, 4, '香港城市大學，1998年畢業', 'degree_cheung_cityu_marketing.pdf'),
(14, NOW() - INTERVAL 150 DAY, NOW() - INTERVAL 150 DAY, '銷售管理專業證書', 3, 4, '香港管理專業協會頒發，2010年取得', 'sales_mgmt_cert_cheung.pdf'),
(15, NOW() - INTERVAL 30 DAY, NOW() - INTERVAL 30 DAY, '客戶關係管理（CRM）培訓證書', 5, 4, 'Salesforce CRM系統應用培訓', 'crm_cert_cheung.pdf'),

-- 林詩敏 (user_id: 5) - 客戶經理
(16, NOW() - INTERVAL 120 DAY, NOW() - INTERVAL 120 DAY, '香港身份證', 1, 5, '有效期至2031年11月，已核實正本', 'hkid_lam_siman.pdf'),
(17, NOW() - INTERVAL 120 DAY, NOW() - INTERVAL 120 DAY, '工商管理學士學位證書', 2, 5, '香港浸會大學，2012年畢業', 'degree_lam_hkbu_ba.pdf'),
(18, NOW() - INTERVAL 80 DAY, NOW() - INTERVAL 80 DAY, '專業銷售技巧證書', 5, 5, '包括商務談判、提案技巧等', 'sales_skills_cert_lam.pdf'),

-- 王小明 (user_id: 6) - 客戶服務專員
(19, NOW() - INTERVAL 90 DAY, NOW() - INTERVAL 90 DAY, '香港身份證', 1, 6, '有效期至2033年5月，已核實正本', 'hkid_wong_siuming.pdf'),
(20, NOW() - INTERVAL 90 DAY, NOW() - INTERVAL 90 DAY, '客戶服務文憑', 2, 6, '香港專業進修學校，2018年完成', 'diploma_wong_hkcs.pdf'),
(21, NOW() - INTERVAL 50 DAY, NOW() - INTERVAL 50 DAY, '客戶投訴處理培訓證書', 5, 6, '有效溝通及衝突解決技巧', 'complaint_handling_cert_wong.pdf'),

-- 趙永強 (user_id: 7) - 工程總監
(22, NOW() - INTERVAL 220 DAY, NOW() - INTERVAL 220 DAY, '香港身份證', 1, 7, '有效期至2027年8月，已核實正本', 'hkid_chiu_wingkeung.pdf'),
(23, NOW() - INTERVAL 220 DAY, NOW() - INTERVAL 220 DAY, '電機工程學士學位證書', 2, 7, '香港大學電機電子工程系，1993年畢業', 'degree_chiu_hku_ee.pdf'),
(24, NOW() - INTERVAL 220 DAY, NOW() - INTERVAL 220 DAY, '註冊電業工程人員證書（A級）', 3, 7, '機電工程署頒發，牌照編號：REW-A-001234，有效期至2026年12月', 'rew_a_cert_chiu.pdf'),
(25, NOW() - INTERVAL 150 DAY, NOW() - INTERVAL 150 DAY, '電機工程碩士學位證書', 2, 7, '香港理工大學，2005年完成', 'master_chiu_polyu_ee.pdf'),
(26, NOW() - INTERVAL 70 DAY, NOW() - INTERVAL 70 DAY, '高壓電力系統培訓證書', 5, 7, '33kV及以上電壓等級系統操作與維護', 'hv_system_cert_chiu.pdf'),

-- 鄧志明 (user_id: 8) - 高級工程師
(27, NOW() - INTERVAL 170 DAY, NOW() - INTERVAL 170 DAY, '香港身份證', 1, 8, '有效期至2029年2月，已核實正本', 'hkid_tang_chiming.pdf'),
(28, NOW() - INTERVAL 170 DAY, NOW() - INTERVAL 170 DAY, '電機工程學士學位證書', 2, 8, '香港城市大學，2000年畢業', 'degree_tang_cityu_ee.pdf'),
(29, NOW() - INTERVAL 170 DAY, NOW() - INTERVAL 170 DAY, '註冊電業承辦商牌照', 3, 8, '機電工程署頒發，承辦商編號：REC-H-5678，有效期至2025年12月', 'rec_cert_tang.pdf'),
(30, NOW() - INTERVAL 100 DAY, NOW() - INTERVAL 100 DAY, '工程項目管理專業證書', 5, 8, 'PMP認證培訓課程，項目管理協會', 'pmp_cert_tang.pdf'),

-- 梁家豪 (user_id: 9) - 項目工程師
(31, NOW() - INTERVAL 130 DAY, NOW() - INTERVAL 130 DAY, '香港身份證', 1, 9, '有效期至2030年7月，已核實正本', 'hkid_leung_kaho.pdf'),
(32, NOW() - INTERVAL 130 DAY, NOW() - INTERVAL 130 DAY, '電機工程高級文憑', 2, 9, '香港專業教育學院，2015年畢業，優異成績', 'diploma_leung_ive_ee.pdf'),
(33, NOW() - INTERVAL 130 DAY, NOW() - INTERVAL 130 DAY, '註冊電業工程人員證書（B級）', 3, 9, '機電工程署頒發，牌照編號：REW-B-009876', 'rew_b_cert_leung.pdf'),
(34, NOW() - INTERVAL 40 DAY, NOW() - INTERVAL 40 DAY, '工地安全督導員證書（銀卡）', 5, 9, '建造業議會頒發，有效期2年', 'silver_card_leung.pdf'),

-- 吳麗珊 (user_id: 10) - 工程文員
(35, NOW() - INTERVAL 110 DAY, NOW() - INTERVAL 110 DAY, '香港身份證', 1, 10, '有效期至2032年10月，已核實正本', 'hkid_ng_laishan.pdf'),
(36, NOW() - INTERVAL 110 DAY, NOW() - INTERVAL 110 DAY, '文書處理及檔案管理文憑', 2, 10, '香港商業專科學校，2017年完成', 'diploma_ng_office_admin.pdf'),
(37, NOW() - INTERVAL 55 DAY, NOW() - INTERVAL 55 DAY, 'AutoCAD基礎培訓證書', 5, 10, '工程圖則閱讀與基本繪圖技能', 'autocad_cert_ng.pdf'),

-- 何建輝 (user_id: 11) - 採購經理
(38, NOW() - INTERVAL 160 DAY, NOW() - INTERVAL 160 DAY, '香港身份證', 1, 11, '有效期至2028年4月，已核實正本', 'hkid_ho_kinfai.pdf'),
(39, NOW() - INTERVAL 160 DAY, NOW() - INTERVAL 160 DAY, '工商管理學士學位證書', 2, 11, '香港理工大學企業管理系，2003年畢業', 'degree_ho_polyu_ba.pdf'),
(40, NOW() - INTERVAL 120 DAY, NOW() - INTERVAL 120 DAY, '專業採購及供應管理文憑', 3, 11, '英國特許採購及供應學會（CIPS）頒發', 'cips_diploma_ho.pdf'),
(41, NOW() - INTERVAL 65 DAY, NOW() - INTERVAL 65 DAY, '供應鏈管理進階培訓證書', 5, 11, '包括庫存優化、供應商評估等', 'scm_cert_ho.pdf'),

-- 蔡淑芬 (user_id: 12) - 採購主任
(42, NOW() - INTERVAL 125 DAY, NOW() - INTERVAL 125 DAY, '香港身份證', 1, 12, '有效期至2031年1月，已核實正本', 'hkid_choi_shukfan.pdf'),
(43, NOW() - INTERVAL 125 DAY, NOW() - INTERVAL 125 DAY, '商業管理高級文憑', 2, 12, '香港專業教育學院，2010年畢業', 'diploma_choi_ive_bm.pdf'),
(44, NOW() - INTERVAL 75 DAY, NOW() - INTERVAL 75 DAY, '採購實務培訓證書', 5, 12, '採購流程、合約管理、談判技巧', 'procurement_cert_choi.pdf'),

-- 周美玲 (user_id: 13) - 倉務主管
(45, NOW() - INTERVAL 140 DAY, NOW() - INTERVAL 140 DAY, '香港身份證', 1, 13, '有效期至2029年6月，已核實正本', 'hkid_chow_meiling.pdf'),
(46, NOW() - INTERVAL 140 DAY, NOW() - INTERVAL 140 DAY, '物流管理文憑', 2, 13, '香港物流協會，2008年完成', 'diploma_chow_logistics.pdf'),
(47, NOW() - INTERVAL 85 DAY, NOW() - INTERVAL 85 DAY, '叉車操作執照', 3, 13, '勞工處認可，有效期3年，可操作3噸以下叉車', 'forklift_license_chow.pdf'),

-- 羅文傑 (user_id: 14) - 質量安全總監
(48, NOW() - INTERVAL 190 DAY, NOW() - INTERVAL 190 DAY, '香港身份證', 1, 14, '有效期至2027年11月，已核實正本', 'hkid_lo_mankit.pdf'),
(49, NOW() - INTERVAL 190 DAY, NOW() - INTERVAL 190 DAY, '土木工程學士學位證書', 2, 14, '香港大學，1997年畢業', 'degree_lo_hku_civil.pdf'),
(50, NOW() - INTERVAL 190 DAY, NOW() - INTERVAL 190 DAY, '註冊安全主任證書', 3, 14, '勞工處頒發，證書編號：RSO-2024-001234，有效期至2026年', 'rso_cert_lo.pdf'),
(51, NOW() - INTERVAL 120 DAY, NOW() - INTERVAL 120 DAY, 'ISO 9001主任審核員證書', 3, 14, '國際認證機構頒發，質量管理體系審核資格', 'iso9001_auditor_cert_lo.pdf'),
(52, NOW() - INTERVAL 60 DAY, NOW() - INTERVAL 60 DAY, '職業安全健康進階培訓證書', 5, 14, '涵蓋風險評估、事故調查等', 'osh_advanced_cert_lo.pdf'),

-- 謝詠詩 (user_id: 15) - 質量工程師
(53, NOW() - INTERVAL 105 DAY, NOW() - INTERVAL 105 DAY, '香港身份證', 1, 15, '有效期至2033年8月，已核實正本', 'hkid_tse_wingsee.pdf'),
(54, NOW() - INTERVAL 105 DAY, NOW() - INTERVAL 105 DAY, '電機工程學士學位證書', 2, 15, '香港理工大學，2016年畢業，二級榮譽', 'degree_tse_polyu_ee.pdf'),
(55, NOW() - INTERVAL 105 DAY, NOW() - INTERVAL 105 DAY, '質量工程師專業證書', 3, 15, '香港品質保證局頒發，2019年取得', 'quality_engineer_cert_tse.pdf'),
(56, NOW() - INTERVAL 35 DAY, NOW() - INTERVAL 35 DAY, 'ISO 9001內部審核員培訓證書', 5, 15, '質量管理體系內審資格', 'iso9001_internal_auditor_tse.pdf');
